DateTime,AU1606.SHF,AU1606.VOL,AU1612.SHF,AU1612.VOL,AU1706.SHF,AU1706.VOL,AU1712.SHF,AU1712.VOL,AU1806.SHF,AU1806.VOL,AU1812.SHF,AU1812.VOL,AU1906.SHF,AU1906.VOL
2016/01/4,228.2,115918,230.8,380,NaN,NaN,NaN,NaN,NaN,NaN,NaN,NaN,NaN,NaN
2016/01/5,230.3,262396,232.8,638,NaN,NaN,NaN,NaN,NaN,NaN,NaN,NaN,NaN,NaN
2016/01/6,231.4,269668,234.35,246,NaN,NaN,NaN,NaN,NaN,NaN,NaN,NaN,NaN,NaN
2016/01/7,236.6,475962,239.2,1050,NaN,NaN,NaN,NaN,NaN,NaN,NaN,NaN,NaN,NaN
2016/01/8,236.8,378540,239.25,260,NaN,NaN,NaN,NaN,NaN,NaN,NaN,NaN,NaN,NaN
2016/01/11,237.45,353852,240.2,236,NaN,NaN,NaN,NaN,NaN,NaN,NaN,NaN,NaN,NaN
2016/01/12,234.6,295580,236.9,888,NaN,NaN,NaN,NaN,NaN,NaN,NaN,NaN,NaN,NaN
2016/01/13,232.25,237332,234.65,366,NaN,NaN,NaN,NaN,NaN,NaN,NaN,NaN,NaN,NaN
2016/01/14,234.05,316336,236.45,406,NaN,NaN,NaN,NaN,NaN,NaN,NaN,NaN,NaN,NaN
2016/01/15,232.6,263662,234.8,552,NaN,NaN,NaN,NaN,NaN,NaN,NaN,NaN,NaN,NaN
2016/01/18,233.5,334226,235.8,592,NaN,NaN,NaN,NaN,NaN,NaN,NaN,NaN,NaN,NaN
2016/01/19,233.2,148870,235.6,258,NaN,NaN,NaN,NaN,NaN,NaN,NaN,NaN,NaN,NaN
2016/01/20,233.8,178390,236.25,290,NaN,NaN,NaN,NaN,NaN,NaN,NaN,NaN,NaN,NaN
2016/01/21,236.25,299478,238.6,756,NaN,NaN,NaN,NaN,NaN,NaN,NaN,NaN,NaN,NaN
2016/01/22,235.2,239830,237.55,556,NaN,NaN,NaN,NaN,NaN,NaN,NaN,NaN,NaN,NaN
2016/01/25,235.8,199426,238.05,654,NaN,NaN,NaN,NaN,NaN,NaN,NaN,NaN,NaN,NaN
2016/01/26,238.9,248890,241.1,1108,NaN,NaN,NaN,NaN,NaN,NaN,NaN,NaN,NaN,NaN
2016/01/27,239.35,238910,241.8,1174,NaN,NaN,NaN,NaN,NaN,NaN,NaN,NaN,NaN,NaN
2016/01/28,238.8,201368,241.3,1342,NaN,NaN,NaN,NaN,NaN,NaN,NaN,NaN,NaN,NaN
2016/01/29,238.3,232398,240.6,488,NaN,NaN,NaN,NaN,NaN,NaN,NaN,NaN,NaN,NaN
2016/02/1,239.9,199550,242.45,450,NaN,NaN,NaN,NaN,NaN,NaN,NaN,NaN,NaN,NaN
2016/02/2,240.55,184274,242.9,1040,NaN,NaN,NaN,NaN,NaN,NaN,NaN,NaN,NaN,NaN
2016/02/3,241.45,197552,243.95,700,NaN,NaN,NaN,NaN,NaN,NaN,NaN,NaN,NaN,NaN
2016/02/4,243.95,268622,246.4,1226,NaN,NaN,NaN,NaN,NaN,NaN,NaN,NaN,NaN,NaN
2016/02/5,245.9,225544,248.05,2056,NaN,NaN,NaN,NaN,NaN,NaN,NaN,NaN,NaN,NaN
2016/02/15,256.15,190718,258.7,2668,NaN,NaN,NaN,NaN,NaN,NaN,NaN,NaN,NaN,NaN
2016/02/16,253.1,309996,255.5,3586,NaN,NaN,NaN,NaN,NaN,NaN,NaN,NaN,NaN,NaN
2016/02/17,255.05,397254,257.2,2680,NaN,NaN,NaN,NaN,NaN,NaN,NaN,NaN,NaN,NaN
2016/02/18,254.85,310824,257.2,1336,NaN,NaN,NaN,NaN,NaN,NaN,NaN,NaN,NaN,NaN
2016/02/19,258,369542,260.25,4576,NaN,NaN,NaN,NaN,NaN,NaN,NaN,NaN,NaN,NaN
2016/02/22,256.2,468326,258.3,5828,NaN,NaN,NaN,NaN,NaN,NaN,NaN,NaN,NaN,NaN
2016/02/23,256.3,374288,258.3,4384,NaN,NaN,NaN,NaN,NaN,NaN,NaN,NaN,NaN,NaN
2016/02/24,258.45,449322,260.6,4110,NaN,NaN,NaN,NaN,NaN,NaN,NaN,NaN,NaN,NaN
2016/02/25,261.5,797662,263.55,12156,NaN,NaN,NaN,NaN,NaN,NaN,NaN,NaN,NaN,NaN
2016/02/26,261.85,608646,264.15,10070,NaN,NaN,NaN,NaN,NaN,NaN,NaN,NaN,NaN,NaN
2016/02/29,259.4,756284,261.55,6616,NaN,NaN,NaN,NaN,NaN,NaN,NaN,NaN,NaN,NaN
2016/03/1,263.05,552970,265.4,8112,NaN,NaN,NaN,NaN,NaN,NaN,NaN,NaN,NaN,NaN
2016/03/2,259.85,637386,261.6,6880,NaN,NaN,NaN,NaN,NaN,NaN,NaN,NaN,NaN,NaN
2016/03/3,262.05,520756,264,4934,NaN,NaN,NaN,NaN,NaN,NaN,NaN,NaN,NaN,NaN
2016/03/4,265.6,627072,267.25,10256,NaN,NaN,NaN,NaN,NaN,NaN,NaN,NaN,NaN,NaN
2016/03/7,265.65,896440,267.4,10570,NaN,NaN,NaN,NaN,NaN,NaN,NaN,NaN,NaN,NaN
2016/03/8,266.7,535820,268.5,8908,NaN,NaN,NaN,NaN,NaN,NaN,NaN,NaN,NaN,NaN
2016/03/9,264.05,513264,265.75,8738,NaN,NaN,NaN,NaN,NaN,NaN,NaN,NaN,NaN,NaN
2016/03/10,261.9,530230,263.55,15624,NaN,NaN,NaN,NaN,NaN,NaN,NaN,NaN,NaN,NaN
2016/03/11,265.75,868980,267.5,12150,NaN,NaN,NaN,NaN,NaN,NaN,NaN,NaN,NaN,NaN
2016/03/14,262.5,544586,264.25,9416,NaN,NaN,NaN,NaN,NaN,NaN,NaN,NaN,NaN,NaN
2016/03/15,257.85,586332,259.25,10416,NaN,NaN,NaN,NaN,NaN,NaN,NaN,NaN,NaN,NaN
2016/03/16,259.45,402560,261.15,8286,NaN,NaN,NaN,NaN,NaN,NaN,NaN,NaN,NaN,NaN
2016/03/17,263.3,500638,264.95,9484,NaN,NaN,NaN,NaN,NaN,NaN,NaN,NaN,NaN,NaN
2016/03/18,263.35,403442,265,9054,NaN,NaN,NaN,NaN,NaN,NaN,NaN,NaN,NaN,NaN
2016/03/21,259.7,340072,261.25,7158,NaN,NaN,NaN,NaN,NaN,NaN,NaN,NaN,NaN,NaN
2016/03/22,261.4,263124,263.15,6022,NaN,NaN,NaN,NaN,NaN,NaN,NaN,NaN,NaN,NaN
2016/03/23,258.35,331106,260,7152,NaN,NaN,NaN,NaN,NaN,NaN,NaN,NaN,NaN,NaN
2016/03/24,255.1,380646,256.8,11862,NaN,NaN,NaN,NaN,NaN,NaN,NaN,NaN,NaN,NaN
2016/03/25,256.1,164146,257.85,3068,NaN,NaN,NaN,NaN,NaN,NaN,NaN,NaN,NaN,NaN
2016/03/28,255.05,147416,256.7,6588,NaN,NaN,NaN,NaN,NaN,NaN,NaN,NaN,NaN,NaN
2016/03/29,255.75,185942,257.45,5808,NaN,NaN,NaN,NaN,NaN,NaN,NaN,NaN,NaN,NaN
2016/03/30,258.6,378770,260.35,11628,NaN,NaN,NaN,NaN,NaN,NaN,NaN,NaN,NaN,NaN
2016/03/31,256.15,269920,257.85,15804,NaN,NaN,NaN,NaN,NaN,NaN,NaN,NaN,NaN,NaN
2016/04/1,257.2,232786,259,9404,NaN,NaN,NaN,NaN,NaN,NaN,NaN,NaN,NaN,NaN
2016/04/5,256.05,95420,257.7,7666,NaN,NaN,NaN,NaN,NaN,NaN,NaN,NaN,NaN,NaN
2016/04/6,256.75,194794,258.4,7646,NaN,NaN,NaN,NaN,NaN,NaN,NaN,NaN,NaN,NaN
2016/04/7,256.45,227246,258.2,9024,NaN,NaN,NaN,NaN,NaN,NaN,NaN,NaN,NaN,NaN
2016/04/8,258,257602,259.85,13430,NaN,NaN,NaN,NaN,NaN,NaN,NaN,NaN,NaN,NaN
2016/04/11,260.55,245542,262.35,13834,NaN,NaN,NaN,NaN,NaN,NaN,NaN,NaN,NaN,NaN
2016/04/12,261.8,189268,263.65,14486,NaN,NaN,NaN,NaN,NaN,NaN,NaN,NaN,NaN,NaN
2016/04/13,260.4,268234,262,25724,NaN,NaN,NaN,NaN,NaN,NaN,NaN,NaN,NaN,NaN
2016/04/14,257.8,273610,259.4,22788,NaN,NaN,NaN,NaN,NaN,NaN,NaN,NaN,NaN,NaN
2016/04/15,257.2,236076,258.75,18716,NaN,NaN,NaN,NaN,NaN,NaN,NaN,NaN,NaN,NaN
2016/04/18,257.35,217164,258.95,18266,NaN,NaN,NaN,NaN,NaN,NaN,NaN,NaN,NaN,NaN
2016/04/19,259.85,239320,261.5,23892,NaN,NaN,NaN,NaN,NaN,NaN,NaN,NaN,NaN,NaN
2016/04/20,260.65,325448,262.1,33158,NaN,NaN,NaN,NaN,NaN,NaN,NaN,NaN,NaN,NaN
2016/04/21,264,350660,265.8,50924,NaN,NaN,NaN,NaN,NaN,NaN,NaN,NaN,NaN,NaN
2016/04/22,260.6,401306,262.15,61342,NaN,NaN,NaN,NaN,NaN,NaN,NaN,NaN,NaN,NaN
2016/04/25,258.65,372910,260.35,51474,NaN,NaN,NaN,NaN,NaN,NaN,NaN,NaN,NaN,NaN
2016/04/26,258.1,172382,259.95,35878,NaN,NaN,NaN,NaN,NaN,NaN,NaN,NaN,NaN,NaN
2016/04/27,261.3,253034,263.25,58272,NaN,NaN,NaN,NaN,NaN,NaN,NaN,NaN,NaN,NaN
2016/04/28,262.25,342874,264.5,100298,NaN,NaN,NaN,NaN,NaN,NaN,NaN,NaN,NaN,NaN
2016/04/29,266.45,347256,268.7,142898,NaN,NaN,NaN,NaN,NaN,NaN,NaN,NaN,NaN,NaN
2016/05/3,271.5,152216,273.9,91622,NaN,NaN,NaN,NaN,NaN,NaN,NaN,NaN,NaN,NaN
2016/05/4,268.4,186568,270.65,166064,NaN,NaN,NaN,NaN,NaN,NaN,NaN,NaN,NaN,NaN
2016/05/5,268.05,147672,270.25,168280,NaN,NaN,NaN,NaN,NaN,NaN,NaN,NaN,NaN,NaN
2016/05/6,268.35,111378,270.75,257778,NaN,NaN,NaN,NaN,NaN,NaN,NaN,NaN,NaN,NaN
2016/05/9,267.9,113192,270.05,364526,NaN,NaN,NaN,NaN,NaN,NaN,NaN,NaN,NaN,NaN
2016/05/10,265.75,69624,267.6,269504,NaN,NaN,NaN,NaN,NaN,NaN,NaN,NaN,NaN,NaN
2016/05/11,267.2,48084,268.9,252092,NaN,NaN,NaN,NaN,NaN,NaN,NaN,NaN,NaN,NaN
2016/05/12,266.3,40030,268.1,195620,NaN,NaN,NaN,NaN,NaN,NaN,NaN,NaN,NaN,NaN
2016/05/13,267.75,52394,270.1,309730,NaN,NaN,NaN,NaN,NaN,NaN,NaN,NaN,NaN,NaN
2016/05/16,269.5,40430,272.05,297706,NaN,NaN,NaN,NaN,NaN,NaN,NaN,NaN,NaN,NaN
2016/05/17,267.8,36372,270.1,278192,272.05,0,NaN,NaN,NaN,NaN,NaN,NaN,NaN,NaN
2016/05/18,267.75,23614,270.2,236438,272.2,26,NaN,NaN,NaN,NaN,NaN,NaN,NaN,NaN
2016/05/19,263.9,37442,265.95,362390,269.2,44,NaN,NaN,NaN,NaN,NaN,NaN,NaN,NaN
2016/05/20,264.05,19546,266.1,229012,268.5,54,NaN,NaN,NaN,NaN,NaN,NaN,NaN,NaN
2016/05/23,263.25,21136,265.45,237010,267.7,22,NaN,NaN,NaN,NaN,NaN,NaN,NaN,NaN
2016/05/24,261.8,21908,263.6,244742,267.5,6,NaN,NaN,NaN,NaN,NaN,NaN,NaN,NaN
2016/05/25,257.95,23334,259.7,318086,262.1,44,NaN,NaN,NaN,NaN,NaN,NaN,NaN,NaN
2016/05/26,259,20132,260.7,236722,262.7,16,NaN,NaN,NaN,NaN,NaN,NaN,NaN,NaN
2016/05/27,257.9,17426,259.5,282392,262,32,NaN,NaN,NaN,NaN,NaN,NaN,NaN,NaN
2016/05/30,254.6,19648,256.45,298804,259.7,64,NaN,NaN,NaN,NaN,NaN,NaN,NaN,NaN
2016/05/31,256.95,12386,258.95,207452,261.2,94,NaN,NaN,NaN,NaN,NaN,NaN,NaN,NaN
2016/06/1,257.65,1796,259.35,224472,261.95,92,NaN,NaN,NaN,NaN,NaN,NaN,NaN,NaN
2016/06/2,257.9,1338,259.65,206500,263,64,NaN,NaN,NaN,NaN,NaN,NaN,NaN,NaN
2016/06/3,257.5,984,258.65,148472,260.95,42,NaN,NaN,NaN,NaN,NaN,NaN,NaN,NaN
2016/06/6,262.55,1326,264.4,298338,266.3,182,NaN,NaN,NaN,NaN,NaN,NaN,NaN,NaN
2016/06/7,262.7,918,264.85,183862,266.65,126,NaN,NaN,NaN,NaN,NaN,NaN,NaN,NaN
2016/06/8,264.9,1296,266.55,161948,268.6,74,NaN,NaN,NaN,NaN,NaN,NaN,NaN,NaN
2016/06/13,271.05,204,274.15,181804,276.05,362,NaN,NaN,NaN,NaN,NaN,NaN,NaN,NaN
2016/06/14,271.2,642,273.35,210538,274.95,342,NaN,NaN,NaN,NaN,NaN,NaN,NaN,NaN
2016/06/15,272,0,275.2,253134,276.9,360,NaN,NaN,NaN,NaN,NaN,NaN,NaN,NaN
2016/06/16,NaN,NaN,279.95,363092,281.7,1002,NaN,NaN,NaN,NaN,NaN,NaN,NaN,NaN
2016/06/17,NaN,NaN,273.2,546056,274.7,822,NaN,NaN,NaN,NaN,NaN,NaN,NaN,NaN
2016/06/20,NaN,NaN,273.75,327082,275.7,296,NaN,NaN,NaN,NaN,NaN,NaN,NaN,NaN
2016/06/21,NaN,NaN,273.2,252118,275,238,NaN,NaN,NaN,NaN,NaN,NaN,NaN,NaN
2016/06/22,NaN,NaN,269.6,275022,271.65,256,NaN,NaN,NaN,NaN,NaN,NaN,NaN,NaN
2016/06/23,NaN,NaN,269.75,240326,271.95,166,NaN,NaN,NaN,NaN,NaN,NaN,NaN,NaN
2016/06/24,NaN,NaN,282.25,997696,284.1,1902,NaN,NaN,NaN,NaN,NaN,NaN,NaN,NaN
2016/06/27,NaN,NaN,284.65,580666,286.35,1180,NaN,NaN,NaN,NaN,NaN,NaN,NaN,NaN
2016/06/28,NaN,NaN,283.35,325764,285.2,328,NaN,NaN,NaN,NaN,NaN,NaN,NaN,NaN
2016/06/29,NaN,NaN,284.3,300974,286,378,NaN,NaN,NaN,NaN,NaN,NaN,NaN,NaN
2016/06/30,NaN,NaN,283,287436,284.8,724,NaN,NaN,NaN,NaN,NaN,NaN,NaN,NaN
2016/07/1,NaN,NaN,287.15,445956,289.15,788,NaN,NaN,NaN,NaN,NaN,NaN,NaN,NaN
2016/07/4,NaN,NaN,292.15,558068,293.75,1136,NaN,NaN,NaN,NaN,NaN,NaN,NaN,NaN
2016/07/5,NaN,NaN,290.8,344286,292.2,674,NaN,NaN,NaN,NaN,NaN,NaN,NaN,NaN
2016/07/6,NaN,NaN,296.7,542390,298.2,1544,NaN,NaN,NaN,NaN,NaN,NaN,NaN,NaN
2016/07/7,NaN,NaN,295.7,341338,297.95,888,NaN,NaN,NaN,NaN,NaN,NaN,NaN,NaN
2016/07/8,NaN,NaN,292.8,337310,295.15,534,NaN,NaN,NaN,NaN,NaN,NaN,NaN,NaN
2016/07/11,NaN,NaN,295,434348,296.7,906,NaN,NaN,NaN,NaN,NaN,NaN,NaN,NaN
2016/07/12,NaN,NaN,293.6,252080,295.5,912,NaN,NaN,NaN,NaN,NaN,NaN,NaN,NaN
2016/07/13,NaN,NaN,290.8,450672,292.5,1432,NaN,NaN,NaN,NaN,NaN,NaN,NaN,NaN
2016/07/14,NaN,NaN,288.85,304580,290.65,504,NaN,NaN,NaN,NaN,NaN,NaN,NaN,NaN
2016/07/15,NaN,NaN,288.95,277810,290.55,572,NaN,NaN,NaN,NaN,NaN,NaN,NaN,NaN
2016/07/18,NaN,NaN,288.15,303768,289.9,460,NaN,NaN,NaN,NaN,NaN,NaN,NaN,NaN
2016/07/19,NaN,NaN,288.7,239612,290.8,444,NaN,NaN,NaN,NaN,NaN,NaN,NaN,NaN
2016/07/20,NaN,NaN,287.55,219452,289.05,604,NaN,NaN,NaN,NaN,NaN,NaN,NaN,NaN
2016/07/21,NaN,NaN,284.6,263726,286.7,1354,NaN,NaN,NaN,NaN,NaN,NaN,NaN,NaN
2016/07/22,NaN,NaN,286.3,284348,288,442,NaN,NaN,NaN,NaN,NaN,NaN,NaN,NaN
2016/07/25,NaN,NaN,284.8,194602,286.75,448,NaN,NaN,NaN,NaN,NaN,NaN,NaN,NaN
2016/07/26,NaN,NaN,285.2,197578,286.75,554,NaN,NaN,NaN,NaN,NaN,NaN,NaN,NaN
2016/07/27,NaN,NaN,285,170012,287.15,816,NaN,NaN,NaN,NaN,NaN,NaN,NaN,NaN
2016/07/28,NaN,NaN,289.25,282092,291.25,664,NaN,NaN,NaN,NaN,NaN,NaN,NaN,NaN
2016/07/29,NaN,NaN,287.45,218240,289.4,484,NaN,NaN,NaN,NaN,NaN,NaN,NaN,NaN
2016/08/1,NaN,NaN,289.65,263120,291.9,536,NaN,NaN,NaN,NaN,NaN,NaN,NaN,NaN
2016/08/2,NaN,NaN,291.15,186350,293.05,570,NaN,NaN,NaN,NaN,NaN,NaN,NaN,NaN
2016/08/3,NaN,NaN,292.6,182442,294.45,430,NaN,NaN,NaN,NaN,NaN,NaN,NaN,NaN
2016/08/4,NaN,NaN,289.75,229126,291.75,500,NaN,NaN,NaN,NaN,NaN,NaN,NaN,NaN
2016/08/5,NaN,NaN,293.3,189834,295.3,674,NaN,NaN,NaN,NaN,NaN,NaN,NaN,NaN
2016/08/8,NaN,NaN,287.05,260816,289.15,1676,NaN,NaN,NaN,NaN,NaN,NaN,NaN,NaN
2016/08/9,NaN,NaN,286.8,133298,288.5,1178,NaN,NaN,NaN,NaN,NaN,NaN,NaN,NaN
2016/08/10,NaN,NaN,290.9,208638,292.8,1248,NaN,NaN,NaN,NaN,NaN,NaN,NaN,NaN
2016/08/11,NaN,NaN,288.5,218884,290.3,1694,NaN,NaN,NaN,NaN,NaN,NaN,NaN,NaN
2016/08/12,NaN,NaN,288.25,207452,290.2,1376,NaN,NaN,NaN,NaN,NaN,NaN,NaN,NaN
2016/08/15,NaN,NaN,287.7,276634,289.6,1610,NaN,NaN,NaN,NaN,NaN,NaN,NaN,NaN
2016/08/16,NaN,NaN,289,168358,291.1,5036,NaN,NaN,NaN,NaN,NaN,NaN,NaN,NaN
2016/08/17,NaN,NaN,287.6,220036,289.65,3306,NaN,NaN,NaN,NaN,NaN,NaN,NaN,NaN
2016/08/18,NaN,NaN,289.3,202202,291.4,3288,NaN,NaN,NaN,NaN,NaN,NaN,NaN,NaN
2016/08/19,NaN,NaN,289.3,159760,291.35,3300,NaN,NaN,NaN,NaN,NaN,NaN,NaN,NaN
2016/08/22,NaN,NaN,286.7,230778,288.95,2736,NaN,NaN,NaN,NaN,NaN,NaN,NaN,NaN
2016/08/23,NaN,NaN,287.25,105430,289.5,1364,NaN,NaN,NaN,NaN,NaN,NaN,NaN,NaN
2016/08/24,NaN,NaN,287.4,134914,289.7,2508,NaN,NaN,NaN,NaN,NaN,NaN,NaN,NaN
2016/08/25,NaN,NaN,284.75,192890,286.85,1852,NaN,NaN,NaN,NaN,NaN,NaN,NaN,NaN
2016/08/26,NaN,NaN,284.8,118746,286.95,1388,NaN,NaN,NaN,NaN,NaN,NaN,NaN,NaN
2016/08/29,NaN,NaN,283.9,418364,286,4236,NaN,NaN,NaN,NaN,NaN,NaN,NaN,NaN
2016/08/30,NaN,NaN,284.65,143950,286.8,1112,NaN,NaN,NaN,NaN,NaN,NaN,NaN,NaN
2016/08/31,NaN,NaN,283.4,197694,285.55,2166,NaN,NaN,NaN,NaN,NaN,NaN,NaN,NaN
2016/09/1,NaN,NaN,282.75,166752,284.65,2980,NaN,NaN,NaN,NaN,NaN,NaN,NaN,NaN
2016/09/2,NaN,NaN,283.15,214742,285.15,1802,NaN,NaN,NaN,NaN,NaN,NaN,NaN,NaN
2016/09/5,NaN,NaN,286.65,227614,288.8,2726,NaN,NaN,NaN,NaN,NaN,NaN,NaN,NaN
2016/09/6,NaN,NaN,286.95,77624,288.9,1766,NaN,NaN,NaN,NaN,NaN,NaN,NaN,NaN
2016/09/7,NaN,NaN,290.85,237860,293.1,4862,NaN,NaN,NaN,NaN,NaN,NaN,NaN,NaN
2016/09/8,NaN,NaN,290.45,131246,292.75,1900,NaN,NaN,NaN,NaN,NaN,NaN,NaN,NaN
2016/09/9,NaN,NaN,288.65,179550,291.1,3884,NaN,NaN,NaN,NaN,NaN,NaN,NaN,NaN
2016/09/12,NaN,NaN,287.5,183842,290.15,4358,NaN,NaN,NaN,NaN,NaN,NaN,NaN,NaN
2016/09/13,NaN,NaN,287.45,190612,289.85,2168,NaN,NaN,NaN,NaN,NaN,NaN,NaN,NaN
2016/09/14,NaN,NaN,286,173902,288.4,3108,NaN,NaN,NaN,NaN,NaN,NaN,NaN,NaN
2016/09/19,NaN,NaN,284.55,84438,286.7,1922,NaN,NaN,NaN,NaN,NaN,NaN,NaN,NaN
2016/09/20,NaN,NaN,284.85,103348,287.2,1518,NaN,NaN,NaN,NaN,NaN,NaN,NaN,NaN
2016/09/21,NaN,NaN,285.35,152780,287.35,5096,NaN,NaN,NaN,NaN,NaN,NaN,NaN,NaN
2016/09/22,NaN,NaN,287.7,208376,289.8,5018,NaN,NaN,NaN,NaN,NaN,NaN,NaN,NaN
2016/09/23,NaN,NaN,288.15,169772,290.45,4514,NaN,NaN,NaN,NaN,NaN,NaN,NaN,NaN
2016/09/26,NaN,NaN,288.1,126784,290.35,3626,NaN,NaN,NaN,NaN,NaN,NaN,NaN,NaN
2016/09/27,NaN,NaN,287.7,135572,290.2,2712,NaN,NaN,NaN,NaN,NaN,NaN,NaN,NaN
2016/09/28,NaN,NaN,285.45,173412,287.7,5068,NaN,NaN,NaN,NaN,NaN,NaN,NaN,NaN
2016/09/29,NaN,NaN,284.75,133208,287.05,4074,NaN,NaN,NaN,NaN,NaN,NaN,NaN,NaN
2016/09/30,NaN,NaN,285.3,125074,287.5,3466,NaN,NaN,NaN,NaN,NaN,NaN,NaN,NaN
2016/10/10,NaN,NaN,274,151026,276.2,8808,NaN,NaN,NaN,NaN,NaN,NaN,NaN,NaN
2016/10/11,NaN,NaN,273.9,180290,276.25,9186,NaN,NaN,NaN,NaN,NaN,NaN,NaN,NaN
2016/10/12,NaN,NaN,273.3,142370,275.45,8962,NaN,NaN,NaN,NaN,NaN,NaN,NaN,NaN
2016/10/13,NaN,NaN,274.2,211380,276.55,6780,NaN,NaN,NaN,NaN,NaN,NaN,NaN,NaN
2016/10/14,NaN,NaN,273.45,156426,275.75,7096,NaN,NaN,NaN,NaN,NaN,NaN,NaN,NaN
2016/10/17,NaN,NaN,273.7,194610,276.15,11458,NaN,NaN,NaN,NaN,NaN,NaN,NaN,NaN
2016/10/18,NaN,NaN,275.2,150702,277.7,11098,NaN,NaN,NaN,NaN,NaN,NaN,NaN,NaN
2016/10/19,NaN,NaN,275.2,136832,277.7,12006,NaN,NaN,NaN,NaN,NaN,NaN,NaN,NaN
2016/10/20,NaN,NaN,277.25,156082,279.7,9314,NaN,NaN,NaN,NaN,NaN,NaN,NaN,NaN
2016/10/21,NaN,NaN,276.3,165012,278.7,8866,NaN,NaN,NaN,NaN,NaN,NaN,NaN,NaN
2016/10/24,NaN,NaN,277.05,130816,279.6,19834,NaN,NaN,NaN,NaN,NaN,NaN,NaN,NaN
2016/10/25,NaN,NaN,277.9,170374,280.45,21440,NaN,NaN,NaN,NaN,NaN,NaN,NaN,NaN
2016/10/26,NaN,NaN,279.2,186498,281.6,43338,NaN,NaN,NaN,NaN,NaN,NaN,NaN,NaN
2016/10/27,NaN,NaN,278.25,154518,280.7,34970,NaN,NaN,NaN,NaN,NaN,NaN,NaN,NaN
2016/10/28,NaN,NaN,278.5,146162,280.85,33092,NaN,NaN,NaN,NaN,NaN,NaN,NaN,NaN
2016/10/31,NaN,NaN,279.65,231556,282.1,47570,NaN,NaN,NaN,NaN,NaN,NaN,NaN,NaN
2016/11/1,NaN,NaN,280.25,122000,283.1,48358,NaN,NaN,NaN,NaN,NaN,NaN,NaN,NaN
2016/11/2,NaN,NaN,282.95,142370,285.85,56654,NaN,NaN,NaN,NaN,NaN,NaN,NaN,NaN
2016/11/3,NaN,NaN,283.75,153342,286.65,62574,NaN,NaN,NaN,NaN,NaN,NaN,NaN,NaN
2016/11/4,NaN,NaN,282.4,135836,284.85,64678,NaN,NaN,NaN,NaN,NaN,NaN,NaN,NaN
2016/11/7,NaN,NaN,281.85,134896,284.45,68358,NaN,NaN,NaN,NaN,NaN,NaN,NaN,NaN
2016/11/8,NaN,NaN,281.2,98046,284.15,68224,NaN,NaN,NaN,NaN,NaN,NaN,NaN,NaN
2016/11/9,NaN,NaN,288.7,429826,291.65,270780,NaN,NaN,NaN,NaN,NaN,NaN,NaN,NaN
2016/11/10,NaN,NaN,283,231386,286.15,217030,NaN,NaN,NaN,NaN,NaN,NaN,NaN,NaN
2016/11/11,NaN,NaN,278.55,172052,281.75,248716,NaN,NaN,NaN,NaN,NaN,NaN,NaN,NaN
2016/11/14,NaN,NaN,269.75,148832,272.95,360232,NaN,NaN,NaN,NaN,NaN,NaN,NaN,NaN
2016/11/15,NaN,NaN,272.5,70400,275.95,245686,NaN,NaN,NaN,NaN,NaN,NaN,NaN,NaN
2016/11/16,NaN,NaN,274.05,43040,277.05,180050,279.3,36,NaN,NaN,NaN,NaN,NaN,NaN
2016/11/17,NaN,NaN,273.25,25162,276.5,136938,280.2,10,NaN,NaN,NaN,NaN,NaN,NaN
2016/11/18,NaN,NaN,270.35,38362,273.45,216120,276.3,42,NaN,NaN,NaN,NaN,NaN,NaN
2016/11/21,NaN,NaN,272.5,27188,275.55,189682,277.75,20,NaN,NaN,NaN,NaN,NaN,NaN
2016/11/22,NaN,NaN,273.25,28136,276.25,179428,277,0,NaN,NaN,NaN,NaN,NaN,NaN
2016/11/23,NaN,NaN,273.45,22556,276.6,177860,279.6,14,NaN,NaN,NaN,NaN,NaN,NaN
2016/11/24,NaN,NaN,270.65,33976,273.7,340644,276.65,30,NaN,NaN,NaN,NaN,NaN,NaN
2016/11/25,NaN,NaN,268.55,18860,271.4,253516,274.3,62,NaN,NaN,NaN,NaN,NaN,NaN
2016/11/28,NaN,NaN,271.1,22940,273.8,256832,277.2,26,NaN,NaN,NaN,NaN,NaN,NaN
2016/11/29,NaN,NaN,269.8,15768,272.75,204490,276,34,NaN,NaN,NaN,NaN,NaN,NaN
2016/11/30,NaN,NaN,268.2,17014,271.05,200036,274,44,NaN,NaN,NaN,NaN,NaN,NaN
2016/12/1,NaN,NaN,266.3,6556,269.25,318392,271.9,82,NaN,NaN,NaN,NaN,NaN,NaN
2016/12/2,NaN,NaN,265.6,2136,268.85,206838,271.8,46,NaN,NaN,NaN,NaN,NaN,NaN
2016/12/5,NaN,NaN,265.7,1608,268.75,289230,272.4,60,NaN,NaN,NaN,NaN,NaN,NaN
2016/12/6,NaN,NaN,265.15,2538,268.15,234960,271.2,90,NaN,NaN,NaN,NaN,NaN,NaN
2016/12/7,NaN,NaN,264.95,1368,267.7,170588,271,30,NaN,NaN,NaN,NaN,NaN,NaN
2016/12/8,NaN,NaN,266.8,1164,269.75,244680,272.9,154,NaN,NaN,NaN,NaN,NaN,NaN
2016/12/9,NaN,NaN,266.45,888,269.5,177508,272.5,64,NaN,NaN,NaN,NaN,NaN,NaN
2016/12/12,NaN,NaN,262.75,2862,267.95,203912,271,112,NaN,NaN,NaN,NaN,NaN,NaN
2016/12/13,NaN,NaN,263.65,132,268.2,173102,271.45,106,NaN,NaN,NaN,NaN,NaN,NaN
2016/12/14,NaN,NaN,264.5,126,269.65,247566,273.9,776,NaN,NaN,NaN,NaN,NaN,NaN
2016/12/15,NaN,NaN,264,0,266.95,312470,271.65,2448,NaN,NaN,NaN,NaN,NaN,NaN
2016/12/16,NaN,NaN,NaN,NaN,265.35,235872,269.75,1486,NaN,NaN,NaN,NaN,NaN,NaN
2016/12/19,NaN,NaN,NaN,NaN,266.6,172448,270.85,864,NaN,NaN,NaN,NaN,NaN,NaN
2016/12/20,NaN,NaN,NaN,NaN,265.25,157024,269,636,NaN,NaN,NaN,NaN,NaN,NaN
2016/12/21,NaN,NaN,NaN,NaN,264.85,208540,268.75,1138,NaN,NaN,NaN,NaN,NaN,NaN
2016/12/22,NaN,NaN,NaN,NaN,263.3,119052,267,684,NaN,NaN,NaN,NaN,NaN,NaN
2016/12/23,NaN,NaN,NaN,NaN,263.55,155500,267.5,816,NaN,NaN,NaN,NaN,NaN,NaN
2016/12/26,NaN,NaN,NaN,NaN,264.75,127840,268.7,850,NaN,NaN,NaN,NaN,NaN,NaN
2016/12/27,NaN,NaN,NaN,NaN,266.1,132016,270,446,NaN,NaN,NaN,NaN,NaN,NaN
2016/12/28,NaN,NaN,NaN,NaN,267.3,172420,271.45,1388,NaN,NaN,NaN,NaN,NaN,NaN
2016/12/29,NaN,NaN,NaN,NaN,268.75,217154,272.55,2770,NaN,NaN,NaN,NaN,NaN,NaN
2016/12/30,NaN,NaN,NaN,NaN,271.35,257682,275.4,1512,NaN,NaN,NaN,NaN,NaN,NaN
2017/01/3,NaN,NaN,NaN,NaN,269.75,134748,272.65,1762,NaN,NaN,NaN,NaN,NaN,NaN
2017/01/4,NaN,NaN,NaN,NaN,270.4,237240,272.9,2186,NaN,NaN,NaN,NaN,NaN,NaN
2017/01/5,NaN,NaN,NaN,NaN,269.5,281262,272,1420,NaN,NaN,NaN,NaN,NaN,NaN
2017/01/6,NaN,NaN,NaN,NaN,268.85,231806,271.55,3846,NaN,NaN,NaN,NaN,NaN,NaN
2017/01/9,NaN,NaN,NaN,NaN,269.75,175304,272.4,1040,NaN,NaN,NaN,NaN,NaN,NaN
2017/01/10,NaN,NaN,NaN,NaN,271.5,201672,274.1,878,NaN,NaN,NaN,NaN,NaN,NaN
2017/01/11,NaN,NaN,NaN,NaN,271.85,183268,274.55,1312,NaN,NaN,NaN,NaN,NaN,NaN
2017/01/12,NaN,NaN,NaN,NaN,272.25,342304,275.15,7460,NaN,NaN,NaN,NaN,NaN,NaN
2017/01/13,NaN,NaN,NaN,NaN,271.25,185390,274.05,1456,NaN,NaN,NaN,NaN,NaN,NaN
2017/01/16,NaN,NaN,NaN,NaN,272.95,215196,276,3142,NaN,NaN,NaN,NaN,NaN,NaN
2017/01/17,NaN,NaN,NaN,NaN,274.6,158070,277.55,1772,NaN,NaN,NaN,NaN,NaN,NaN
2017/01/18,NaN,NaN,NaN,NaN,273.5,194254,276.55,2626,NaN,NaN,NaN,NaN,NaN,NaN
2017/01/19,NaN,NaN,NaN,NaN,270.7,176830,273.95,6210,NaN,NaN,NaN,NaN,NaN,NaN
2017/01/20,NaN,NaN,NaN,NaN,271.4,159596,275,2346,NaN,NaN,NaN,NaN,NaN,NaN
2017/01/23,NaN,NaN,NaN,NaN,272.75,175522,276.15,1634,NaN,NaN,NaN,NaN,NaN,NaN
2017/01/24,NaN,NaN,NaN,NaN,272.35,119818,275.5,1358,NaN,NaN,NaN,NaN,NaN,NaN
2017/01/25,NaN,NaN,NaN,NaN,269.6,149430,272.8,2870,NaN,NaN,NaN,NaN,NaN,NaN
2017/01/26,NaN,NaN,NaN,NaN,267.6,142822,271.15,3778,NaN,NaN,NaN,NaN,NaN,NaN
2017/02/3,NaN,NaN,NaN,NaN,271.6,82082,274.6,2592,NaN,NaN,NaN,NaN,NaN,NaN
2017/02/6,NaN,NaN,NaN,NaN,274.3,190770,277.4,1814,NaN,NaN,NaN,NaN,NaN,NaN
2017/02/7,NaN,NaN,NaN,NaN,276.5,160366,279.75,1368,NaN,NaN,NaN,NaN,NaN,NaN
2017/02/8,NaN,NaN,NaN,NaN,276.75,142374,279.9,2048,NaN,NaN,NaN,NaN,NaN,NaN
2017/02/9,NaN,NaN,NaN,NaN,278.2,148408,281.5,1784,NaN,NaN,NaN,NaN,NaN,NaN
2017/02/10,NaN,NaN,NaN,NaN,275.25,220922,278.5,2092,NaN,NaN,NaN,NaN,NaN,NaN
2017/02/13,NaN,NaN,NaN,NaN,276.4,197398,279.8,5712,NaN,NaN,NaN,NaN,NaN,NaN
2017/02/14,NaN,NaN,NaN,NaN,276,163040,279.5,4092,NaN,NaN,NaN,NaN,NaN,NaN
2017/02/15,NaN,NaN,NaN,NaN,274.95,188556,278.35,3574,NaN,NaN,NaN,NaN,NaN,NaN
2017/02/16,NaN,NaN,NaN,NaN,276.35,224336,280.1,3196,NaN,NaN,NaN,NaN,NaN,NaN
2017/02/17,NaN,NaN,NaN,NaN,277.45,155914,280.85,3476,NaN,NaN,NaN,NaN,NaN,NaN
2017/02/20,NaN,NaN,NaN,NaN,276.85,148746,280.45,4258,NaN,NaN,NaN,NaN,NaN,NaN
2017/02/21,NaN,NaN,NaN,NaN,277.5,99214,281,4330,NaN,NaN,NaN,NaN,NaN,NaN
2017/02/22,NaN,NaN,NaN,NaN,277.2,159914,280.95,2720,NaN,NaN,NaN,NaN,NaN,NaN
2017/02/23,NaN,NaN,NaN,NaN,277.75,153238,281.15,3100,NaN,NaN,NaN,NaN,NaN,NaN
2017/02/24,NaN,NaN,NaN,NaN,281.15,273622,284.6,4010,NaN,NaN,NaN,NaN,NaN,NaN
2017/02/27,NaN,NaN,NaN,NaN,282.15,180334,285.4,5642,NaN,NaN,NaN,NaN,NaN,NaN
2017/02/28,NaN,NaN,NaN,NaN,281.2,160636,284.55,3576,NaN,NaN,NaN,NaN,NaN,NaN
2017/03/1,NaN,NaN,NaN,NaN,279.15,209236,282.3,6762,NaN,NaN,NaN,NaN,NaN,NaN
2017/03/2,NaN,NaN,NaN,NaN,279.45,170848,282.75,2558,NaN,NaN,NaN,NaN,NaN,NaN
2017/03/3,NaN,NaN,NaN,NaN,277.4,238202,280.4,3130,NaN,NaN,NaN,NaN,NaN,NaN
2017/03/6,NaN,NaN,NaN,NaN,277.45,182046,280.55,6168,NaN,NaN,NaN,NaN,NaN,NaN
2017/03/7,NaN,NaN,NaN,NaN,276.4,137414,279.25,2600,NaN,NaN,NaN,NaN,NaN,NaN
2017/03/8,NaN,NaN,NaN,NaN,274.55,174404,277.7,8304,NaN,NaN,NaN,NaN,NaN,NaN
2017/03/9,NaN,NaN,NaN,NaN,273.25,213736,276.2,8386,NaN,NaN,NaN,NaN,NaN,NaN
2017/03/10,NaN,NaN,NaN,NaN,271.05,200774,274.55,8182,NaN,NaN,NaN,NaN,NaN,NaN
2017/03/13,NaN,NaN,NaN,NaN,273.65,247398,276.8,8710,NaN,NaN,NaN,NaN,NaN,NaN
2017/03/14,NaN,NaN,NaN,NaN,272.35,129460,275.6,3710,NaN,NaN,NaN,NaN,NaN,NaN
2017/03/15,NaN,NaN,NaN,NaN,272.5,150980,275.85,3348,NaN,NaN,NaN,NaN,NaN,NaN
2017/03/16,NaN,NaN,NaN,NaN,277.15,261416,280.1,10760,NaN,NaN,NaN,NaN,NaN,NaN
2017/03/17,NaN,NaN,NaN,NaN,277.05,137970,280.15,4084,NaN,NaN,NaN,NaN,NaN,NaN
2017/03/20,NaN,NaN,NaN,NaN,278.45,138722,281.55,6502,NaN,NaN,NaN,NaN,NaN,NaN
2017/03/21,NaN,NaN,NaN,NaN,277.35,167944,280.45,9308,NaN,NaN,NaN,NaN,NaN,NaN
2017/03/22,NaN,NaN,NaN,NaN,279.8,244648,282.8,8526,NaN,NaN,NaN,NaN,NaN,NaN
2017/03/23,NaN,NaN,NaN,NaN,279.75,164432,282.75,6356,NaN,NaN,NaN,NaN,NaN,NaN
2017/03/24,NaN,NaN,NaN,NaN,278.95,184200,281.95,5980,NaN,NaN,NaN,NaN,NaN,NaN
2017/03/27,NaN,NaN,NaN,NaN,282,162888,285,7488,NaN,NaN,NaN,NaN,NaN,NaN
2017/03/28,NaN,NaN,NaN,NaN,281.2,148832,284.2,8642,NaN,NaN,NaN,NaN,NaN,NaN
2017/03/29,NaN,NaN,NaN,NaN,280.6,159592,283.55,9150,NaN,NaN,NaN,NaN,NaN,NaN
2017/03/30,NaN,NaN,NaN,NaN,280.6,126756,283.5,6954,NaN,NaN,NaN,NaN,NaN,NaN
2017/03/31,NaN,NaN,NaN,NaN,278.6,178510,281.7,9366,NaN,NaN,NaN,NaN,NaN,NaN
2017/04/5,NaN,NaN,NaN,NaN,281.25,74992,284.1,7400,NaN,NaN,NaN,NaN,NaN,NaN
2017/04/6,NaN,NaN,NaN,NaN,281.25,198064,284.5,13856,NaN,NaN,NaN,NaN,NaN,NaN
2017/04/7,NaN,NaN,NaN,NaN,283.5,294194,286.9,29718,NaN,NaN,NaN,NaN,NaN,NaN
2017/04/10,NaN,NaN,NaN,NaN,282.2,254310,285.35,22932,NaN,NaN,NaN,NaN,NaN,NaN
2017/04/11,NaN,NaN,NaN,NaN,282.75,169940,285.75,12806,NaN,NaN,NaN,NaN,NaN,NaN
2017/04/12,NaN,NaN,NaN,NaN,285.85,316430,288.85,22048,NaN,NaN,NaN,NaN,NaN,NaN
2017/04/13,NaN,NaN,NaN,NaN,287.15,242774,289.9,35872,NaN,NaN,NaN,NaN,NaN,NaN
2017/04/14,NaN,NaN,NaN,NaN,287.7,152170,290.45,17058,NaN,NaN,NaN,NaN,NaN,NaN
2017/04/17,NaN,NaN,NaN,NaN,287.2,196830,289.9,34504,NaN,NaN,NaN,NaN,NaN,NaN
2017/04/18,NaN,NaN,NaN,NaN,286.45,194112,288.9,40722,NaN,NaN,NaN,NaN,NaN,NaN
2017/04/19,NaN,NaN,NaN,NaN,286.3,250222,288.85,31598,NaN,NaN,NaN,NaN,NaN,NaN
2017/04/20,NaN,NaN,NaN,NaN,286.1,216358,288.15,34880,NaN,NaN,NaN,NaN,NaN,NaN
2017/04/21,NaN,NaN,NaN,NaN,285.9,170642,288.15,14380,NaN,NaN,NaN,NaN,NaN,NaN
2017/04/24,NaN,NaN,NaN,NaN,283.9,310052,286.4,37762,NaN,NaN,NaN,NaN,NaN,NaN
2017/04/25,NaN,NaN,NaN,NaN,283.9,166292,286.3,28280,NaN,NaN,NaN,NaN,NaN,NaN
2017/04/26,NaN,NaN,NaN,NaN,282.45,183112,285.1,30530,NaN,NaN,NaN,NaN,NaN,NaN
2017/04/27,NaN,NaN,NaN,NaN,282.85,154594,285.6,31178,NaN,NaN,NaN,NaN,NaN,NaN
2017/04/28,NaN,NaN,NaN,NaN,283.2,129946,286.2,32364,NaN,NaN,NaN,NaN,NaN,NaN
2017/05/2,NaN,NaN,NaN,NaN,280.75,88702,283.9,39920,NaN,NaN,NaN,NaN,NaN,NaN
2017/05/3,NaN,NaN,NaN,NaN,280.2,67824,283.3,30714,NaN,NaN,NaN,NaN,NaN,NaN
2017/05/4,NaN,NaN,NaN,NaN,276.25,149004,279.65,92606,NaN,NaN,NaN,NaN,NaN,NaN
2017/05/5,NaN,NaN,NaN,NaN,275.75,105704,278.8,102698,NaN,NaN,NaN,NaN,NaN,NaN
2017/05/8,NaN,NaN,NaN,NaN,275.4,68168,278.5,86346,NaN,NaN,NaN,NaN,NaN,NaN
2017/05/9,NaN,NaN,NaN,NaN,275.35,50856,278.45,128798,NaN,NaN,NaN,NaN,NaN,NaN
2017/05/10,NaN,NaN,NaN,NaN,274.1,38072,277.05,118918,NaN,NaN,NaN,NaN,NaN,NaN
2017/05/11,NaN,NaN,NaN,NaN,274.2,25208,277.35,92586,NaN,NaN,NaN,NaN,NaN,NaN
2017/05/12,NaN,NaN,NaN,NaN,275.25,25278,278.1,119980,NaN,NaN,NaN,NaN,NaN,NaN
2017/05/15,NaN,NaN,NaN,NaN,276.25,24588,279.4,124840,NaN,NaN,NaN,NaN,NaN,NaN
2017/05/16,NaN,NaN,NaN,NaN,277,20452,280,118992,282.45,48,NaN,NaN,NaN,NaN
2017/05/17,NaN,NaN,NaN,NaN,278.1,22394,280.95,133590,283.7,14,NaN,NaN,NaN,NaN
2017/05/18,NaN,NaN,NaN,NaN,280.3,31378,283.25,230310,287,22,NaN,NaN,NaN,NaN
2017/05/19,NaN,NaN,NaN,NaN,279.85,26120,282.65,186950,285.1,16,NaN,NaN,NaN,NaN
2017/05/22,NaN,NaN,NaN,NaN,280.55,12136,283.3,114482,285.95,30,NaN,NaN,NaN,NaN
2017/05/23,NaN,NaN,NaN,NaN,282.05,12494,285.2,123256,287.65,18,NaN,NaN,NaN,NaN
2017/05/24,NaN,NaN,NaN,NaN,279,12740,281.85,170178,284.6,42,NaN,NaN,NaN,NaN
2017/05/25,NaN,NaN,NaN,NaN,280.25,9958,283.3,136700,286.2,16,NaN,NaN,NaN,NaN
2017/05/26,NaN,NaN,NaN,NaN,280.45,9780,283.35,104532,285.8,20,NaN,NaN,NaN,NaN
2017/05/31,NaN,NaN,NaN,NaN,278.45,8156,281.65,74258,284.8,30,NaN,NaN,NaN,NaN
2017/06/1,NaN,NaN,NaN,NaN,278.9,3702,281.85,157458,284.75,48,NaN,NaN,NaN,NaN
2017/06/2,NaN,NaN,NaN,NaN,277.9,1728,280.85,129192,283.7,52,NaN,NaN,NaN,NaN
2017/06/5,NaN,NaN,NaN,NaN,281.55,1854,284.55,215452,287.2,78,NaN,NaN,NaN,NaN
2017/06/6,NaN,NaN,NaN,NaN,283.35,2238,286.3,135910,289,130,NaN,NaN,NaN,NaN
2017/06/7,NaN,NaN,NaN,NaN,283.7,636,286.6,138618,289.3,168,NaN,NaN,NaN,NaN
2017/06/8,NaN,NaN,NaN,NaN,283.2,702,285.75,141700,288.7,96,NaN,NaN,NaN,NaN
2017/06/9,NaN,NaN,NaN,NaN,280.5,888,282.5,223770,285.35,294,NaN,NaN,NaN,NaN
2017/06/12,NaN,NaN,NaN,NaN,278.75,1122,281.05,151544,284.25,420,NaN,NaN,NaN,NaN
2017/06/13,NaN,NaN,NaN,NaN,279.6,372,281.15,105884,284.15,118,NaN,NaN,NaN,NaN
2017/06/14,NaN,NaN,NaN,NaN,281.8,54,281.7,131122,284.9,238,NaN,NaN,NaN,NaN
2017/06/15,NaN,NaN,NaN,NaN,281,36,279.85,238286,282.9,224,NaN,NaN,NaN,NaN
2017/06/16,NaN,NaN,NaN,NaN,NaN,NaN,279.35,147956,282.45,2366,NaN,NaN,NaN,NaN
2017/06/19,NaN,NaN,NaN,NaN,NaN,NaN,278.85,99854,281.6,1990,NaN,NaN,NaN,NaN
2017/06/20,NaN,NaN,NaN,NaN,NaN,NaN,278.25,111782,280.9,4408,NaN,NaN,NaN,NaN
2017/06/21,NaN,NaN,NaN,NaN,NaN,NaN,278.15,104238,280.7,1196,NaN,NaN,NaN,NaN
2017/06/22,NaN,NaN,NaN,NaN,NaN,NaN,279.9,135198,282.65,450,NaN,NaN,NaN,NaN
2017/06/23,NaN,NaN,NaN,NaN,NaN,NaN,280.45,119404,283.15,266,NaN,NaN,NaN,NaN
2017/06/26,NaN,NaN,NaN,NaN,NaN,NaN,280.6,78260,283.35,212,NaN,NaN,NaN,NaN
2017/06/27,NaN,NaN,NaN,NaN,NaN,NaN,279.4,170412,282.05,730,NaN,NaN,NaN,NaN
2017/06/28,NaN,NaN,NaN,NaN,NaN,NaN,278.75,168850,281.6,1002,NaN,NaN,NaN,NaN
2017/06/29,NaN,NaN,NaN,NaN,NaN,NaN,278.15,158992,281.05,1142,NaN,NaN,NaN,NaN
2017/06/30,NaN,NaN,NaN,NaN,NaN,NaN,275.5,221690,278.2,1812,NaN,NaN,NaN,NaN
2017/07/3,NaN,NaN,NaN,NaN,NaN,NaN,274.6,142246,277.35,584,NaN,NaN,NaN,NaN
2017/07/4,NaN,NaN,NaN,NaN,NaN,NaN,272.6,190506,275.4,880,NaN,NaN,NaN,NaN
2017/07/5,NaN,NaN,NaN,NaN,NaN,NaN,272.4,102604,275.05,3090,NaN,NaN,NaN,NaN
2017/07/6,NaN,NaN,NaN,NaN,NaN,NaN,272.85,129270,275.4,1282,NaN,NaN,NaN,NaN
2017/07/7,NaN,NaN,NaN,NaN,NaN,NaN,272.2,115020,274.85,718,NaN,NaN,NaN,NaN
2017/07/10,NaN,NaN,NaN,NaN,NaN,NaN,268.8,241862,271.45,1980,NaN,NaN,NaN,NaN
2017/07/11,NaN,NaN,NaN,NaN,NaN,NaN,270,139294,272.9,800,NaN,NaN,NaN,NaN
2017/07/12,NaN,NaN,NaN,NaN,NaN,NaN,271,156136,273.65,734,NaN,NaN,NaN,NaN
2017/07/13,NaN,NaN,NaN,NaN,NaN,NaN,271.75,154644,274.55,852,NaN,NaN,NaN,NaN
2017/07/14,NaN,NaN,NaN,NaN,NaN,NaN,270.65,113550,273.4,568,NaN,NaN,NaN,NaN
2017/07/17,NaN,NaN,NaN,NaN,NaN,NaN,273,163458,275.75,880,NaN,NaN,NaN,NaN
2017/07/18,NaN,NaN,NaN,NaN,NaN,NaN,273.7,125924,276.35,1150,NaN,NaN,NaN,NaN
2017/07/19,NaN,NaN,NaN,NaN,NaN,NaN,274.05,113988,276.7,408,NaN,NaN,NaN,NaN
2017/07/20,NaN,NaN,NaN,NaN,NaN,NaN,274.2,100138,277.1,470,NaN,NaN,NaN,NaN
2017/07/21,NaN,NaN,NaN,NaN,NaN,NaN,275.8,173552,278.6,2092,NaN,NaN,NaN,NaN
2017/07/24,NaN,NaN,NaN,NaN,NaN,NaN,276.45,124830,279.15,378,NaN,NaN,NaN,NaN
2017/07/25,NaN,NaN,NaN,NaN,NaN,NaN,276.8,99046,279.75,234,NaN,NaN,NaN,NaN
2017/07/26,NaN,NaN,NaN,NaN,NaN,NaN,274.4,142662,277.3,1486,NaN,NaN,NaN,NaN
2017/07/27,NaN,NaN,NaN,NaN,NaN,NaN,277.6,164112,280.4,754,NaN,NaN,NaN,NaN
2017/07/28,NaN,NaN,NaN,NaN,NaN,NaN,277.25,149302,279.9,3220,NaN,NaN,NaN,NaN
2017/07/31,NaN,NaN,NaN,NaN,NaN,NaN,278.05,147076,280.9,930,NaN,NaN,NaN,NaN
2017/08/1,NaN,NaN,NaN,NaN,NaN,NaN,278,92472,280.95,686,NaN,NaN,NaN,NaN
2017/08/2,NaN,NaN,NaN,NaN,NaN,NaN,277.95,160750,280.75,636,NaN,NaN,NaN,NaN
2017/08/3,NaN,NaN,NaN,NaN,NaN,NaN,276.9,147540,279.65,844,NaN,NaN,NaN,NaN
2017/08/4,NaN,NaN,NaN,NaN,NaN,NaN,278.45,143116,281.35,1220,NaN,NaN,NaN,NaN
2017/08/7,NaN,NaN,NaN,NaN,NaN,NaN,275.95,175064,278.65,1064,NaN,NaN,NaN,NaN
2017/08/8,NaN,NaN,NaN,NaN,NaN,NaN,275.7,112310,278.55,1184,NaN,NaN,NaN,NaN
2017/08/9,NaN,NaN,NaN,NaN,NaN,NaN,276.45,186480,279.3,1906,NaN,NaN,NaN,NaN
2017/08/10,NaN,NaN,NaN,NaN,NaN,NaN,278.45,187428,281.4,2156,NaN,NaN,NaN,NaN
2017/08/11,NaN,NaN,NaN,NaN,NaN,NaN,279.85,222826,282.9,2592,NaN,NaN,NaN,NaN
2017/08/14,NaN,NaN,NaN,NaN,NaN,NaN,279.75,175078,282.85,848,NaN,NaN,NaN,NaN
2017/08/15,NaN,NaN,NaN,NaN,NaN,NaN,277.85,182520,280.85,1388,NaN,NaN,NaN,NaN
2017/08/16,NaN,NaN,NaN,NaN,NaN,NaN,276.95,119916,280.05,2948,NaN,NaN,NaN,NaN
2017/08/17,NaN,NaN,NaN,NaN,NaN,NaN,279.95,192184,283.1,3862,NaN,NaN,NaN,NaN
2017/08/18,NaN,NaN,NaN,NaN,NaN,NaN,280.5,144594,283.45,1546,NaN,NaN,NaN,NaN
2017/08/21,NaN,NaN,NaN,NaN,NaN,NaN,279.7,238136,282.7,3184,NaN,NaN,NaN,NaN
2017/08/22,NaN,NaN,NaN,NaN,NaN,NaN,279.1,149470,282.1,1754,NaN,NaN,NaN,NaN
2017/08/23,NaN,NaN,NaN,NaN,NaN,NaN,279.15,148734,282.15,2168,NaN,NaN,NaN,NaN
2017/08/24,NaN,NaN,NaN,NaN,NaN,NaN,279.25,119042,282.35,1418,NaN,NaN,NaN,NaN
2017/08/25,NaN,NaN,NaN,NaN,NaN,NaN,279.05,111830,282.25,2574,NaN,NaN,NaN,NaN
2017/08/28,NaN,NaN,NaN,NaN,NaN,NaN,280.45,263900,283.85,3602,NaN,NaN,NaN,NaN
2017/08/29,NaN,NaN,NaN,NaN,NaN,NaN,283.8,215014,286.9,3646,NaN,NaN,NaN,NaN
2017/08/30,NaN,NaN,NaN,NaN,NaN,NaN,280.35,220274,283.5,4032,NaN,NaN,NaN,NaN
2017/08/31,NaN,NaN,NaN,NaN,NaN,NaN,279.9,141360,283.15,2346,NaN,NaN,NaN,NaN
2017/09/1,NaN,NaN,NaN,NaN,NaN,NaN,281.8,173324,285.05,2066,NaN,NaN,NaN,NaN
2017/09/4,NaN,NaN,NaN,NaN,NaN,NaN,284.2,248002,287.45,5298,NaN,NaN,NaN,NaN
2017/09/5,NaN,NaN,NaN,NaN,NaN,NaN,283.65,118342,287.1,2272,NaN,NaN,NaN,NaN
2017/09/6,NaN,NaN,NaN,NaN,NaN,NaN,284.1,167572,287.45,3402,NaN,NaN,NaN,NaN
2017/09/7,NaN,NaN,NaN,NaN,NaN,NaN,283.05,171472,286.6,4586,NaN,NaN,NaN,NaN
2017/09/8,NaN,NaN,NaN,NaN,NaN,NaN,283.7,234876,287.2,5224,NaN,NaN,NaN,NaN
2017/09/11,NaN,NaN,NaN,NaN,NaN,NaN,282.4,205840,285.95,3958,NaN,NaN,NaN,NaN
2017/09/12,NaN,NaN,NaN,NaN,NaN,NaN,281.1,138828,284.45,3084,NaN,NaN,NaN,NaN
2017/09/13,NaN,NaN,NaN,NaN,NaN,NaN,281.5,105588,284.9,2658,NaN,NaN,NaN,NaN
2017/09/14,NaN,NaN,NaN,NaN,NaN,NaN,281.15,152354,284.45,3936,NaN,NaN,NaN,NaN
2017/09/15,NaN,NaN,NaN,NaN,NaN,NaN,282.45,148056,285.85,4426,NaN,NaN,NaN,NaN
2017/09/18,NaN,NaN,NaN,NaN,NaN,NaN,279.85,166142,283.3,3514,NaN,NaN,NaN,NaN
2017/09/19,NaN,NaN,NaN,NaN,NaN,NaN,279.8,146266,283.55,5570,NaN,NaN,NaN,NaN
2017/09/20,NaN,NaN,NaN,NaN,NaN,NaN,280.05,93828,283.8,1668,NaN,NaN,NaN,NaN
2017/09/21,NaN,NaN,NaN,NaN,NaN,NaN,277.5,196020,281.25,3776,NaN,NaN,NaN,NaN
2017/09/22,NaN,NaN,NaN,NaN,NaN,NaN,277.95,152812,281.5,4712,NaN,NaN,NaN,NaN
2017/09/25,NaN,NaN,NaN,NaN,NaN,NaN,277.6,101102,281.15,4946,NaN,NaN,NaN,NaN
2017/09/26,NaN,NaN,NaN,NaN,NaN,NaN,281.8,209918,285.2,6268,NaN,NaN,NaN,NaN
2017/09/27,NaN,NaN,NaN,NaN,NaN,NaN,279.2,177298,282.75,3930,NaN,NaN,NaN,NaN
2017/09/28,NaN,NaN,NaN,NaN,NaN,NaN,277.7,157036,281.35,6502,NaN,NaN,NaN,NaN
2017/09/29,NaN,NaN,NaN,NaN,NaN,NaN,278.9,99056,282.65,2882,NaN,NaN,NaN,NaN
2017/10/9,NaN,NaN,NaN,NaN,NaN,NaN,276.75,96730,280.4,6408,NaN,NaN,NaN,NaN
2017/10/10,NaN,NaN,NaN,NaN,NaN,NaN,276.65,89448,280.2,3856,NaN,NaN,NaN,NaN
2017/10/11,NaN,NaN,NaN,NaN,NaN,NaN,276.1,102690,279.7,3432,NaN,NaN,NaN,NaN
2017/10/12,NaN,NaN,NaN,NaN,NaN,NaN,277.1,106566,280.8,7520,NaN,NaN,NaN,NaN
2017/10/13,NaN,NaN,NaN,NaN,NaN,NaN,277.2,81608,280.9,5458,NaN,NaN,NaN,NaN
2017/10/16,NaN,NaN,NaN,NaN,NaN,NaN,278.7,122152,282.25,14766,NaN,NaN,NaN,NaN
2017/10/17,NaN,NaN,NaN,NaN,NaN,NaN,277.25,132882,280.45,22118,NaN,NaN,NaN,NaN
2017/10/18,NaN,NaN,NaN,NaN,NaN,NaN,276.15,109406,279.35,17860,NaN,NaN,NaN,NaN
2017/10/19,NaN,NaN,NaN,NaN,NaN,NaN,275.7,108490,278.95,17566,NaN,NaN,NaN,NaN
2017/10/20,NaN,NaN,NaN,NaN,NaN,NaN,276.05,116690,279.15,14366,NaN,NaN,NaN,NaN
2017/10/23,NaN,NaN,NaN,NaN,NaN,NaN,274.9,123402,278,15886,NaN,NaN,NaN,NaN
2017/10/24,NaN,NaN,NaN,NaN,NaN,NaN,275.8,102460,279.25,11784,NaN,NaN,NaN,NaN
2017/10/25,NaN,NaN,NaN,NaN,NaN,NaN,274.55,105748,278,11384,NaN,NaN,NaN,NaN
2017/10/26,NaN,NaN,NaN,NaN,NaN,NaN,275.8,127364,279.5,16648,NaN,NaN,NaN,NaN
2017/10/27,NaN,NaN,NaN,NaN,NaN,NaN,273.95,146570,277.55,25810,NaN,NaN,NaN,NaN
2017/10/30,NaN,NaN,NaN,NaN,NaN,NaN,274.3,132546,278,17600,NaN,NaN,NaN,NaN
2017/10/31,NaN,NaN,NaN,NaN,NaN,NaN,274.5,129702,278.55,42752,NaN,NaN,NaN,NaN
2017/11/1,NaN,NaN,NaN,NaN,NaN,NaN,273.9,107352,278.1,33460,NaN,NaN,NaN,NaN
2017/11/2,NaN,NaN,NaN,NaN,NaN,NaN,274,82780,278.2,27222,NaN,NaN,NaN,NaN
2017/11/3,NaN,NaN,NaN,NaN,NaN,NaN,274,81612,278.2,34282,NaN,NaN,NaN,NaN
2017/11/6,NaN,NaN,NaN,NaN,NaN,NaN,273.4,95554,277.55,47652,NaN,NaN,NaN,NaN
2017/11/7,NaN,NaN,NaN,NaN,NaN,NaN,274.75,81728,278.9,33612,NaN,NaN,NaN,NaN
2017/11/8,NaN,NaN,NaN,NaN,NaN,NaN,274.8,63420,278.95,37380,NaN,NaN,NaN,NaN
2017/11/9,NaN,NaN,NaN,NaN,NaN,NaN,275.75,82990,279.95,64840,NaN,NaN,NaN,NaN
2017/11/10,NaN,NaN,NaN,NaN,NaN,NaN,276.5,69020,280.85,58324,NaN,NaN,NaN,NaN
2017/11/13,NaN,NaN,NaN,NaN,NaN,NaN,275.35,63550,279.65,43774,NaN,NaN,NaN,NaN
2017/11/14,NaN,NaN,NaN,NaN,NaN,NaN,275.15,41322,279.3,36148,NaN,NaN,NaN,NaN
2017/11/15,NaN,NaN,NaN,NaN,NaN,NaN,275.75,81570,279.8,82062,NaN,NaN,NaN,NaN
2017/11/16,NaN,NaN,NaN,NaN,NaN,NaN,275.05,55378,279.15,109230,282.8,196,NaN,NaN
2017/11/17,NaN,NaN,NaN,NaN,NaN,NaN,276.2,42250,280.1,83458,283.25,22,NaN,NaN
2017/11/20,NaN,NaN,NaN,NaN,NaN,NaN,277.45,48088,281.65,124816,284.9,24,NaN,NaN
2017/11/21,NaN,NaN,NaN,NaN,NaN,NaN,276,37980,279.9,125686,283.6,50,NaN,NaN
2017/11/22,NaN,NaN,NaN,NaN,NaN,NaN,275.8,25608,279.95,98470,282.9,16,NaN,NaN
2017/11/23,NaN,NaN,NaN,NaN,NaN,NaN,276.1,19470,280.1,92712,284,28,NaN,NaN
2017/11/24,NaN,NaN,NaN,NaN,NaN,NaN,276.35,16312,280.45,61598,284.35,12,NaN,NaN
2017/11/27,NaN,NaN,NaN,NaN,NaN,NaN,276.4,12152,280.45,75548,284.25,28,NaN,NaN
2017/11/28,NaN,NaN,NaN,NaN,NaN,NaN,277.45,21518,281.55,141338,285.5,4,NaN,NaN
2017/11/29,NaN,NaN,NaN,NaN,NaN,NaN,277.45,13802,281.75,89514,285.3,4,NaN,NaN
2017/11/30,NaN,NaN,NaN,NaN,NaN,NaN,273.9,15030,279.55,160322,283.2,20,NaN,NaN
2017/12/1,NaN,NaN,NaN,NaN,NaN,NaN,272,4358,277.75,116132,281.5,46,NaN,NaN
2017/12/4,NaN,NaN,NaN,NaN,NaN,NaN,272,2808,277.55,158454,281.4,58,NaN,NaN
2017/12/5,NaN,NaN,NaN,NaN,NaN,NaN,271.85,900,277.7,77562,281.55,18,NaN,NaN
2017/12/6,NaN,NaN,NaN,NaN,NaN,NaN,270.85,1158,276.05,151124,279.85,82,NaN,NaN
2017/12/7,NaN,NaN,NaN,NaN,NaN,NaN,268.65,696,274.15,128306,277.6,24,NaN,NaN
2017/12/8,NaN,NaN,NaN,NaN,NaN,NaN,266.4,288,272.35,115350,276.35,112,NaN,NaN
2017/12/11,NaN,NaN,NaN,NaN,NaN,NaN,265.5,2370,272.55,112536,276.55,76,NaN,NaN
2017/12/12,NaN,NaN,NaN,NaN,NaN,NaN,263.15,3612,271.9,77378,275.9,80,NaN,NaN
2017/12/13,NaN,NaN,NaN,NaN,NaN,NaN,265.45,390,271.85,77742,275.75,26,NaN,NaN
2017/12/14,NaN,NaN,NaN,NaN,NaN,NaN,267,144,274.25,148848,278.6,50,NaN,NaN
2017/12/15,NaN,NaN,NaN,NaN,NaN,NaN,268.5,30,274.25,84622,278,40,NaN,NaN
2017/12/18,NaN,NaN,NaN,NaN,NaN,NaN,NaN,NaN,274.4,110138,279.1,466,NaN,NaN
2017/12/19,NaN,NaN,NaN,NaN,NaN,NaN,NaN,NaN,275.55,107556,279.55,176,NaN,NaN
2017/12/20,NaN,NaN,NaN,NaN,NaN,NaN,NaN,NaN,274.95,73426,279.15,144,NaN,NaN
2017/12/21,NaN,NaN,NaN,NaN,NaN,NaN,NaN,NaN,274.7,87822,278.85,142,NaN,NaN
2017/12/22,NaN,NaN,NaN,NaN,NaN,NaN,NaN,NaN,274.9,64172,279.05,82,NaN,NaN
2017/12/25,NaN,NaN,NaN,NaN,NaN,NaN,NaN,NaN,276.6,85190,280.6,112,NaN,NaN
2017/12/26,NaN,NaN,NaN,NaN,NaN,NaN,NaN,NaN,276.5,41718,280.5,70,NaN,NaN
2017/12/27,NaN,NaN,NaN,NaN,NaN,NaN,NaN,NaN,277.15,71938,281.3,32,NaN,NaN
2017/12/28,NaN,NaN,NaN,NaN,NaN,NaN,NaN,NaN,278.05,75412,282.2,232,NaN,NaN
2017/12/29,NaN,NaN,NaN,NaN,NaN,NaN,NaN,NaN,277.8,70460,281.7,202,NaN,NaN
2018/01/2,NaN,NaN,NaN,NaN,NaN,NaN,NaN,NaN,279.4,54760,283.35,114,NaN,NaN
2018/01/3,NaN,NaN,NaN,NaN,NaN,NaN,NaN,NaN,280.35,120498,284.15,2696,NaN,NaN
2018/01/4,NaN,NaN,NaN,NaN,NaN,NaN,NaN,NaN,279,115606,282.75,3682,NaN,NaN
2018/01/5,NaN,NaN,NaN,NaN,NaN,NaN,NaN,NaN,279.85,131968,283.7,3674,NaN,NaN
2018/01/8,NaN,NaN,NaN,NaN,NaN,NaN,NaN,NaN,280.2,122670,283.8,3892,NaN,NaN
2018/01/9,NaN,NaN,NaN,NaN,NaN,NaN,NaN,NaN,280.55,97146,284.1,4446,NaN,NaN
2018/01/10,NaN,NaN,NaN,NaN,NaN,NaN,NaN,NaN,279.95,100630,283.45,4352,NaN,NaN
2018/01/11,NaN,NaN,NaN,NaN,NaN,NaN,NaN,NaN,280.85,107986,284.45,1262,NaN,NaN
2018/01/12,NaN,NaN,NaN,NaN,NaN,NaN,NaN,NaN,281.55,107150,285.1,1078,NaN,NaN
2018/01/15,NaN,NaN,NaN,NaN,NaN,NaN,NaN,NaN,282.05,154100,286,1084,NaN,NaN
2018/01/16,NaN,NaN,NaN,NaN,NaN,NaN,NaN,NaN,281.65,73686,285.45,592,NaN,NaN
2018/01/17,NaN,NaN,NaN,NaN,NaN,NaN,NaN,NaN,280.8,120036,284.6,1892,NaN,NaN
2018/01/18,NaN,NaN,NaN,NaN,NaN,NaN,NaN,NaN,279.25,120704,282.95,1060,NaN,NaN
2018/01/19,NaN,NaN,NaN,NaN,NaN,NaN,NaN,NaN,278.35,123998,282.35,2832,NaN,NaN
2018/01/22,NaN,NaN,NaN,NaN,NaN,NaN,NaN,NaN,278.5,91784,282.7,2326,NaN,NaN
2018/01/23,NaN,NaN,NaN,NaN,NaN,NaN,NaN,NaN,279.4,106384,283.6,1754,NaN,NaN
2018/01/24,NaN,NaN,NaN,NaN,NaN,NaN,NaN,NaN,280.7,129994,284.75,3202,NaN,NaN
2018/01/25,NaN,NaN,NaN,NaN,NaN,NaN,NaN,NaN,281.75,147606,285.85,5290,NaN,NaN
2018/01/26,NaN,NaN,NaN,NaN,NaN,NaN,NaN,NaN,279.95,160632,284.2,3322,NaN,NaN
2018/01/29,NaN,NaN,NaN,NaN,NaN,NaN,NaN,NaN,278.7,116526,282.8,2346,NaN,NaN
2018/01/30,NaN,NaN,NaN,NaN,NaN,NaN,NaN,NaN,276.35,142162,280.45,2948,NaN,NaN
2018/01/31,NaN,NaN,NaN,NaN,NaN,NaN,NaN,NaN,276.6,130220,280.8,1832,NaN,NaN
2018/02/1,NaN,NaN,NaN,NaN,NaN,NaN,NaN,NaN,276.05,107992,280.3,1568,NaN,NaN
2018/02/2,NaN,NaN,NaN,NaN,NaN,NaN,NaN,NaN,276.4,95114,280.55,2316,NaN,NaN
2018/02/5,NaN,NaN,NaN,NaN,NaN,NaN,NaN,NaN,274,179670,277.95,3674,NaN,NaN
2018/02/6,NaN,NaN,NaN,NaN,NaN,NaN,NaN,NaN,276,165138,280.15,2272,NaN,NaN
2018/02/7,NaN,NaN,NaN,NaN,NaN,NaN,NaN,NaN,272.3,173706,276.3,2744,NaN,NaN
2018/02/8,NaN,NaN,NaN,NaN,NaN,NaN,NaN,NaN,271.7,169214,275.65,1992,NaN,NaN
2018/02/9,NaN,NaN,NaN,NaN,NaN,NaN,NaN,NaN,273.05,153838,276.9,1238,NaN,NaN
2018/02/12,NaN,NaN,NaN,NaN,NaN,NaN,NaN,NaN,272.9,165634,277,1614,NaN,NaN
2018/02/13,NaN,NaN,NaN,NaN,NaN,NaN,NaN,NaN,274.25,106204,278.45,1562,NaN,NaN
2018/02/14,NaN,NaN,NaN,NaN,NaN,NaN,NaN,NaN,276.1,101596,280.1,1452,NaN,NaN
2018/02/22,NaN,NaN,NaN,NaN,NaN,NaN,NaN,NaN,273.65,69122,277.95,3256,NaN,NaN
2018/02/23,NaN,NaN,NaN,NaN,NaN,NaN,NaN,NaN,274.6,89858,278.75,1240,NaN,NaN
2018/02/26,NaN,NaN,NaN,NaN,NaN,NaN,NaN,NaN,275.85,105090,280,1732,NaN,NaN
2018/02/27,NaN,NaN,NaN,NaN,NaN,NaN,NaN,NaN,274.4,109948,278.7,1458,NaN,NaN
2018/02/28,NaN,NaN,NaN,NaN,NaN,NaN,NaN,NaN,272.05,164380,276.2,3078,NaN,NaN
2018/03/1,NaN,NaN,NaN,NaN,NaN,NaN,NaN,NaN,271.7,96650,275.9,2486,NaN,NaN
2018/03/2,NaN,NaN,NaN,NaN,NaN,NaN,NaN,NaN,272.7,176954,277,2934,NaN,NaN
2018/03/5,NaN,NaN,NaN,NaN,NaN,NaN,NaN,NaN,273.65,128004,277.9,3222,NaN,NaN
2018/03/6,NaN,NaN,NaN,NaN,NaN,NaN,NaN,NaN,273.3,81380,277.6,1810,NaN,NaN
2018/03/7,NaN,NaN,NaN,NaN,NaN,NaN,NaN,NaN,274.5,159050,278.85,7362,NaN,NaN
2018/03/8,NaN,NaN,NaN,NaN,NaN,NaN,NaN,NaN,274,130368,278.1,4226,NaN,NaN
2018/03/9,NaN,NaN,NaN,NaN,NaN,NaN,NaN,NaN,272.55,119300,276.8,3338,NaN,NaN
2018/03/12,NaN,NaN,NaN,NaN,NaN,NaN,NaN,NaN,272.5,155822,276.75,6642,NaN,NaN
2018/03/13,NaN,NaN,NaN,NaN,NaN,NaN,NaN,NaN,272.3,91312,276.45,3484,NaN,NaN
2018/03/14,NaN,NaN,NaN,NaN,NaN,NaN,NaN,NaN,272.75,144588,276.95,5690,NaN,NaN
2018/03/15,NaN,NaN,NaN,NaN,NaN,NaN,NaN,NaN,272.5,86940,276.6,2808,NaN,NaN
2018/03/16,NaN,NaN,NaN,NaN,NaN,NaN,NaN,NaN,271.35,112028,275.45,5128,NaN,NaN
2018/03/19,NaN,NaN,NaN,NaN,NaN,NaN,NaN,NaN,270.05,133874,274.2,6212,NaN,NaN
2018/03/20,NaN,NaN,NaN,NaN,NaN,NaN,NaN,NaN,271.2,94422,275.5,5378,NaN,NaN
2018/03/21,NaN,NaN,NaN,NaN,NaN,NaN,NaN,NaN,271.15,104436,275.3,4162,NaN,NaN
2018/03/22,NaN,NaN,NaN,NaN,NaN,NaN,NaN,NaN,273.5,214702,277.9,12164,NaN,NaN
2018/03/23,NaN,NaN,NaN,NaN,NaN,NaN,NaN,NaN,276.5,222076,281.15,14084,NaN,NaN
2018/03/26,NaN,NaN,NaN,NaN,NaN,NaN,NaN,NaN,276.15,176800,280.55,7986,NaN,NaN
2018/03/27,NaN,NaN,NaN,NaN,NaN,NaN,NaN,NaN,275.8,132922,280.2,9046,NaN,NaN
2018/03/28,NaN,NaN,NaN,NaN,NaN,NaN,NaN,NaN,274.2,137984,278.5,8648,NaN,NaN
2018/03/29,NaN,NaN,NaN,NaN,NaN,NaN,NaN,NaN,271.05,197124,275.05,23856,NaN,NaN
2018/03/30,NaN,NaN,NaN,NaN,NaN,NaN,NaN,NaN,271.55,77390,275.65,6488,NaN,NaN
2018/04/2,NaN,NaN,NaN,NaN,NaN,NaN,NaN,NaN,271.75,73540,275.95,5032,NaN,NaN
2018/04/3,NaN,NaN,NaN,NaN,NaN,NaN,NaN,NaN,273.75,159884,278.15,13982,NaN,NaN
2018/04/4,NaN,NaN,NaN,NaN,NaN,NaN,NaN,NaN,273.4,139306,277.6,9216,NaN,NaN
2018/04/9,NaN,NaN,NaN,NaN,NaN,NaN,NaN,NaN,272.55,63718,276.6,7596,NaN,NaN
2018/04/10,NaN,NaN,NaN,NaN,NaN,NaN,NaN,NaN,272.7,119642,276.75,13818,NaN,NaN
2018/04/11,NaN,NaN,NaN,NaN,NaN,NaN,NaN,NaN,274.3,144666,278.45,16316,NaN,NaN
2018/04/12,NaN,NaN,NaN,NaN,NaN,NaN,NaN,NaN,275.2,281170,279.65,36794,NaN,NaN
2018/04/13,NaN,NaN,NaN,NaN,NaN,NaN,NaN,NaN,273.15,170916,277.35,21364,NaN,NaN
2018/04/16,NaN,NaN,NaN,NaN,NaN,NaN,NaN,NaN,274.25,175852,278.6,19730,NaN,NaN
2018/04/17,NaN,NaN,NaN,NaN,NaN,NaN,NaN,NaN,274.65,109886,278.8,15204,NaN,NaN
2018/04/18,NaN,NaN,NaN,NaN,NaN,NaN,NaN,NaN,274.5,123876,278.6,17536,NaN,NaN
2018/04/19,NaN,NaN,NaN,NaN,NaN,NaN,NaN,NaN,275.2,155956,279.45,25108,NaN,NaN
2018/04/20,NaN,NaN,NaN,NaN,NaN,NaN,NaN,NaN,273.85,142614,277.95,24458,NaN,NaN
2018/04/23,NaN,NaN,NaN,NaN,NaN,NaN,NaN,NaN,272.55,185234,276.55,65480,NaN,NaN
2018/04/24,NaN,NaN,NaN,NaN,NaN,NaN,NaN,NaN,271.85,154496,275.6,57854,NaN,NaN
2018/04/25,NaN,NaN,NaN,NaN,NaN,NaN,NaN,NaN,271.6,134470,275.5,38628,NaN,NaN
2018/04/26,NaN,NaN,NaN,NaN,NaN,NaN,NaN,NaN,271.9,112116,275.95,47328,NaN,NaN
2018/04/27,NaN,NaN,NaN,NaN,NaN,NaN,NaN,NaN,271.15,167128,275,58148,NaN,NaN
2018/05/2,NaN,NaN,NaN,NaN,NaN,NaN,NaN,NaN,270.4,80522,274.1,57980,NaN,NaN
2018/05/3,NaN,NaN,NaN,NaN,NaN,NaN,NaN,NaN,270.4,118292,274.15,98418,NaN,NaN
2018/05/4,NaN,NaN,NaN,NaN,NaN,NaN,NaN,NaN,270.8,98532,274.3,89614,NaN,NaN
2018/05/7,NaN,NaN,NaN,NaN,NaN,NaN,NaN,NaN,271.35,71462,275.15,94876,NaN,NaN
2018/05/8,NaN,NaN,NaN,NaN,NaN,NaN,NaN,NaN,271.3,38298,274.95,89848,NaN,NaN
2018/05/9,NaN,NaN,NaN,NaN,NaN,NaN,NaN,NaN,271.05,39580,274.6,145340,NaN,NaN
2018/05/10,NaN,NaN,NaN,NaN,NaN,NaN,NaN,NaN,271.25,18988,274.8,112892,NaN,NaN
2018/05/11,NaN,NaN,NaN,NaN,NaN,NaN,NaN,NaN,271.5,19086,275.2,98314,NaN,NaN
2018/05/14,NaN,NaN,NaN,NaN,NaN,NaN,NaN,NaN,271.4,14966,275.15,68000,NaN,NaN
2018/05/15,NaN,NaN,NaN,NaN,NaN,NaN,NaN,NaN,270.3,13670,273.8,84694,NaN,NaN
2018/05/16,NaN,NaN,NaN,NaN,NaN,NaN,NaN,NaN,267.6,24518,271.25,143926,275.2,22
2018/05/17,NaN,NaN,NaN,NaN,NaN,NaN,NaN,NaN,266.3,16174,269.85,112742,273.8,20
2018/05/18,NaN,NaN,NaN,NaN,NaN,NaN,NaN,NaN,266.6,10262,270.3,87276,274.25,10
2018/05/21,NaN,NaN,NaN,NaN,NaN,NaN,NaN,NaN,265.9,14720,269.5,131962,273.5,0
2018/05/22,NaN,NaN,NaN,NaN,NaN,NaN,NaN,NaN,266.55,16764,270.25,101034,274.2,6
2018/05/23,NaN,NaN,NaN,NaN,NaN,NaN,NaN,NaN,266.95,12200,270.5,105426,274.4,6
2018/05/24,NaN,NaN,NaN,NaN,NaN,NaN,NaN,NaN,268.4,24812,272.25,150568,276.05,12
2018/05/25,NaN,NaN,NaN,NaN,NaN,NaN,NaN,NaN,269.45,12052,273.55,137342,277.35,4
2018/05/28,NaN,NaN,NaN,NaN,NaN,NaN,NaN,NaN,268.45,8922,272.35,126806,276.35,22
2018/05/29,NaN,NaN,NaN,NaN,NaN,NaN,NaN,NaN,269.1,7576,273.25,82968,277.5,8
2018/05/30,NaN,NaN,NaN,NaN,NaN,NaN,NaN,NaN,269.9,8368,274.15,183800,278.1,14
2018/05/31,NaN,NaN,NaN,NaN,NaN,NaN,NaN,NaN,269.85,5304,274.5,93610,278.7,18
2018/06/1,NaN,NaN,NaN,NaN,NaN,NaN,NaN,NaN,268.75,2450,273.85,122792,277.75,14
2018/06/4,NaN,NaN,NaN,NaN,NaN,NaN,NaN,NaN,267.3,960,272.4,103898,276.55,26
2018/06/5,NaN,NaN,NaN,NaN,NaN,NaN,NaN,NaN,267.05,1206,271.9,84728,275.8,40
2018/06/6,NaN,NaN,NaN,NaN,NaN,NaN,NaN,NaN,267.55,1026,272.4,109980,276.65,14
2018/06/7,NaN,NaN,NaN,NaN,NaN,NaN,NaN,NaN,267.5,1536,272.15,79982,276.2,6
2018/06/8,NaN,NaN,NaN,NaN,NaN,NaN,NaN,NaN,267.35,240,272.1,106106,276.2,4
2018/06/11,NaN,NaN,NaN,NaN,NaN,NaN,NaN,NaN,268.2,462,272.7,111914,277.2,44
2018/06/12,NaN,NaN,NaN,NaN,NaN,NaN,NaN,NaN,267.75,1080,272.4,104024,276.7,10
2018/06/13,NaN,NaN,NaN,NaN,NaN,NaN,NaN,NaN,267.75,42,272.1,79628,276.15,84
2018/06/14,NaN,NaN,NaN,NaN,NaN,NaN,NaN,NaN,267.7,18,273.35,126162,277.15,60
2018/06/15,NaN,NaN,NaN,NaN,NaN,NaN,NaN,NaN,268.65,18,273.65,133752,277.5,100
2018/06/19,NaN,NaN,NaN,NaN,NaN,NaN,NaN,NaN,NaN,NaN,271.4,87632,275.3,84
2018/06/20,NaN,NaN,NaN,NaN,NaN,NaN,NaN,NaN,NaN,NaN,270.2,108996,274.3,32
2018/06/21,NaN,NaN,NaN,NaN,NaN,NaN,NaN,NaN,NaN,NaN,269.45,119712,273.5,62
2018/06/22,NaN,NaN,NaN,NaN,NaN,NaN,NaN,NaN,NaN,NaN,270.55,90424,274.3,58
2018/06/25,NaN,NaN,NaN,NaN,NaN,NaN,NaN,NaN,NaN,NaN,271.15,130972,275.3,164
2018/06/26,NaN,NaN,NaN,NaN,NaN,NaN,NaN,NaN,NaN,NaN,271.25,98760,275.5,106
2018/06/27,NaN,NaN,NaN,NaN,NaN,NaN,NaN,NaN,NaN,NaN,271.6,111946,275.45,82
2018/06/28,NaN,NaN,NaN,NaN,NaN,NaN,NaN,NaN,NaN,NaN,270.9,90456,275.2,122
2018/06/29,NaN,NaN,NaN,NaN,NaN,NaN,NaN,NaN,NaN,NaN,271.4,97584,275.35,34
2018/07/2,NaN,NaN,NaN,NaN,NaN,NaN,NaN,NaN,NaN,NaN,272.1,94590,276,48
2018/07/3,NaN,NaN,NaN,NaN,NaN,NaN,NaN,NaN,NaN,NaN,271.9,123536,276,82
2018/07/4,NaN,NaN,NaN,NaN,NaN,NaN,NaN,NaN,NaN,NaN,272.65,145476,276.75,166
2018/07/5,NaN,NaN,NaN,NaN,NaN,NaN,NaN,NaN,NaN,NaN,272.75,89982,276.95,60
2018/07/6,NaN,NaN,NaN,NaN,NaN,NaN,NaN,NaN,NaN,NaN,273.25,108998,277.15,338
2018/07/9,NaN,NaN,NaN,NaN,NaN,NaN,NaN,NaN,NaN,NaN,273.1,88894,276.95,3016
2018/07/10,NaN,NaN,NaN,NaN,NaN,NaN,NaN,NaN,NaN,NaN,272,95614,275.65,268
2018/07/11,NaN,NaN,NaN,NaN,NaN,NaN,NaN,NaN,NaN,NaN,272.85,101934,276.75,228
2018/07/12,NaN,NaN,NaN,NaN,NaN,NaN,NaN,NaN,NaN,NaN,271.9,94882,276,218
2018/07/13,NaN,NaN,NaN,NaN,NaN,NaN,NaN,NaN,NaN,NaN,271.7,68156,275.65,120
2018/07/16,NaN,NaN,NaN,NaN,NaN,NaN,NaN,NaN,NaN,NaN,272.05,69242,276.1,64
2018/07/17,NaN,NaN,NaN,NaN,NaN,NaN,NaN,NaN,NaN,NaN,271.55,99132,275.15,172
2018/07/18,NaN,NaN,NaN,NaN,NaN,NaN,NaN,NaN,NaN,NaN,269.05,181010,273.05,360
2018/07/19,NaN,NaN,NaN,NaN,NaN,NaN,NaN,NaN,NaN,NaN,270.3,105332,274.3,306
2018/07/20,NaN,NaN,NaN,NaN,NaN,NaN,NaN,NaN,NaN,NaN,270.65,132416,274.7,538
2018/07/23,NaN,NaN,NaN,NaN,NaN,NaN,NaN,NaN,NaN,NaN,271.9,107080,275.9,342
2018/07/24,NaN,NaN,NaN,NaN,NaN,NaN,NaN,NaN,NaN,NaN,271.7,104896,275.8,338
2018/07/25,NaN,NaN,NaN,NaN,NaN,NaN,NaN,NaN,NaN,NaN,271.7,75446,275.75,294
2018/07/26,NaN,NaN,NaN,NaN,NaN,NaN,NaN,NaN,NaN,NaN,272.1,94872,276.05,278
2018/07/27,NaN,NaN,NaN,NaN,NaN,NaN,NaN,NaN,NaN,NaN,271.5,88686,275.5,144
2018/07/30,NaN,NaN,NaN,NaN,NaN,NaN,NaN,NaN,NaN,NaN,271.55,77966,275.6,512
2018/07/31,NaN,NaN,NaN,NaN,NaN,NaN,NaN,NaN,NaN,NaN,271.65,67996,275.75,304
2018/08/1,NaN,NaN,NaN,NaN,NaN,NaN,NaN,NaN,NaN,NaN,271.45,122992,275.55,182
2018/08/2,NaN,NaN,NaN,NaN,NaN,NaN,NaN,NaN,NaN,NaN,270.75,93806,274.7,164
2018/08/3,NaN,NaN,NaN,NaN,NaN,NaN,NaN,NaN,NaN,NaN,270.2,86800,274.15,600
2018/08/6,NaN,NaN,NaN,NaN,NaN,NaN,NaN,NaN,NaN,NaN,270.25,109278,274.25,1074
2018/08/7,NaN,NaN,NaN,NaN,NaN,NaN,NaN,NaN,NaN,NaN,270.1,74168,274.15,354
2018/08/8,NaN,NaN,NaN,NaN,NaN,NaN,NaN,NaN,NaN,NaN,269.5,112194,273.5,622
2018/08/9,NaN,NaN,NaN,NaN,NaN,NaN,NaN,NaN,NaN,NaN,269.55,87262,273.55,942
2018/08/10,NaN,NaN,NaN,NaN,NaN,NaN,NaN,NaN,NaN,NaN,269.4,81740,273.45,536
2018/08/13,NaN,NaN,NaN,NaN,NaN,NaN,NaN,NaN,NaN,NaN,270.1,113674,274.2,622
2018/08/14,NaN,NaN,NaN,NaN,NaN,NaN,NaN,NaN,NaN,NaN,267.65,148122,271.75,902
2018/08/15,NaN,NaN,NaN,NaN,NaN,NaN,NaN,NaN,NaN,NaN,267.4,97428,271.4,636
2018/08/16,NaN,NaN,NaN,NaN,NaN,NaN,NaN,NaN,NaN,NaN,264,237028,268.05,1558
2018/08/17,NaN,NaN,NaN,NaN,NaN,NaN,NaN,NaN,NaN,NaN,263.4,130468,267.55,654
2018/08/20,NaN,NaN,NaN,NaN,NaN,NaN,NaN,NaN,NaN,NaN,265.15,91574,269.15,456
2018/08/21,NaN,NaN,NaN,NaN,NaN,NaN,NaN,NaN,NaN,NaN,266.35,94642,270.5,332
2018/08/22,NaN,NaN,NaN,NaN,NaN,NaN,NaN,NaN,NaN,NaN,266.25,103968,270.3,494
2018/08/23,NaN,NaN,NaN,NaN,NaN,NaN,NaN,NaN,NaN,NaN,266.2,89684,270.25,690
2018/08/24,NaN,NaN,NaN,NaN,NaN,NaN,NaN,NaN,NaN,NaN,266.3,82384,271,658
2018/08/27,NaN,NaN,NaN,NaN,NaN,NaN,NaN,NaN,NaN,NaN,267.45,125174,271.45,650
2018/08/28,NaN,NaN,NaN,NaN,NaN,NaN,NaN,NaN,NaN,NaN,268.3,79354,272.4,398
2018/08/29,NaN,NaN,NaN,NaN,NaN,NaN,NaN,NaN,NaN,NaN,267.05,93472,271.05,586
2018/08/30,NaN,NaN,NaN,NaN,NaN,NaN,NaN,NaN,NaN,NaN,267.45,77472,271.45,682
2018/08/31,NaN,NaN,NaN,NaN,NaN,NaN,NaN,NaN,NaN,NaN,267.8,111716,271.8,944
2018/09/3,NaN,NaN,NaN,NaN,NaN,NaN,NaN,NaN,NaN,NaN,266.6,89258,270.65,1030
2018/09/4,NaN,NaN,NaN,NaN,NaN,NaN,NaN,NaN,NaN,NaN,265.6,66944,269.95,680
2018/09/5,NaN,NaN,NaN,NaN,NaN,NaN,NaN,NaN,NaN,NaN,265.6,88146,269.55,1652
2018/09/6,NaN,NaN,NaN,NaN,NaN,NaN,NaN,NaN,NaN,NaN,266.4,83454,270.45,1322
2018/09/7,NaN,NaN,NaN,NaN,NaN,NaN,NaN,NaN,NaN,NaN,267.2,113874,271.25,1172
2018/09/10,NaN,NaN,NaN,NaN,NaN,NaN,NaN,NaN,NaN,NaN,266.25,100898,270.55,1990
2018/09/11,NaN,NaN,NaN,NaN,NaN,NaN,NaN,NaN,NaN,NaN,267,67076,271.15,542
2018/09/12,NaN,NaN,NaN,NaN,NaN,NaN,NaN,NaN,NaN,NaN,266.8,99166,271.05,1274
2018/09/13,NaN,NaN,NaN,NaN,NaN,NaN,NaN,NaN,NaN,NaN,268.1,116310,272.15,1052
2018/09/14,NaN,NaN,NaN,NaN,NaN,NaN,NaN,NaN,NaN,NaN,268.65,142808,272.65,1410
2018/09/17,NaN,NaN,NaN,NaN,NaN,NaN,NaN,NaN,NaN,NaN,267.35,105902,271.55,824
2018/09/18,NaN,NaN,NaN,NaN,NaN,NaN,NaN,NaN,NaN,NaN,267.65,91380,271.85,1454
2018/09/19,NaN,NaN,NaN,NaN,NaN,NaN,NaN,NaN,NaN,NaN,267.95,77474,272,1214
2018/09/20,NaN,NaN,NaN,NaN,NaN,NaN,NaN,NaN,NaN,NaN,268.2,87642,272.25,3030
2018/09/21,NaN,NaN,NaN,NaN,NaN,NaN,NaN,NaN,NaN,NaN,269.05,95930,273,2478
2018/09/25,NaN,NaN,NaN,NaN,NaN,NaN,NaN,NaN,NaN,NaN,267.95,56136,271.95,1854
2018/09/26,NaN,NaN,NaN,NaN,NaN,NaN,NaN,NaN,NaN,NaN,268.35,70508,272.35,1430
2018/09/27,NaN,NaN,NaN,NaN,NaN,NaN,NaN,NaN,NaN,NaN,267.4,107108,271.6,2114
2018/09/28,NaN,NaN,NaN,NaN,NaN,NaN,NaN,NaN,NaN,NaN,264.9,132906,268.9,6336
2018/10/8,NaN,NaN,NaN,NaN,NaN,NaN,NaN,NaN,NaN,NaN,268.65,77522,272.8,4214
2018/10/9,NaN,NaN,NaN,NaN,NaN,NaN,NaN,NaN,NaN,NaN,267.9,106262,272.25,8382
2018/10/10,NaN,NaN,NaN,NaN,NaN,NaN,NaN,NaN,NaN,NaN,267.9,99802,272.15,4680
2018/10/11,NaN,NaN,NaN,NaN,NaN,NaN,NaN,NaN,NaN,NaN,269.45,152014,273.8,6528
2018/10/12,NaN,NaN,NaN,NaN,NaN,NaN,NaN,NaN,NaN,NaN,272.85,292244,277.2,14288
2018/10/15,NaN,NaN,NaN,NaN,NaN,NaN,NaN,NaN,NaN,NaN,275.35,171490,279.75,9376
2018/10/16,NaN,NaN,NaN,NaN,NaN,NaN,NaN,NaN,NaN,NaN,275.25,154004,279.6,12830
2018/10/17,NaN,NaN,NaN,NaN,NaN,NaN,NaN,NaN,NaN,NaN,274.5,123992,278.8,14042
2018/10/18,NaN,NaN,NaN,NaN,NaN,NaN,NaN,NaN,NaN,NaN,274.75,135758,279.25,10192
2018/10/19,NaN,NaN,NaN,NaN,NaN,NaN,NaN,NaN,NaN,NaN,276.05,185180,280.35,15882
2018/10/22,NaN,NaN,NaN,NaN,NaN,NaN,NaN,NaN,NaN,NaN,275.85,110412,280.2,10338
2018/10/23,NaN,NaN,NaN,NaN,NaN,NaN,NaN,NaN,NaN,NaN,276.95,139484,281.4,13896
2018/10/24,NaN,NaN,NaN,NaN,NaN,NaN,NaN,NaN,NaN,NaN,277.15,199308,281.5,25192
2018/10/25,NaN,NaN,NaN,NaN,NaN,NaN,NaN,NaN,NaN,NaN,278.5,175852,282.85,26254
2018/10/26,NaN,NaN,NaN,NaN,NaN,NaN,NaN,NaN,NaN,NaN,278.3,148646,282.65,19528
2018/10/29,NaN,NaN,NaN,NaN,NaN,NaN,NaN,NaN,NaN,NaN,277.85,256378,282.15,27640
2018/10/30,NaN,NaN,NaN,NaN,NaN,NaN,NaN,NaN,NaN,NaN,277.25,153456,281.45,30956
2018/10/31,NaN,NaN,NaN,NaN,NaN,NaN,NaN,NaN,NaN,NaN,274.9,192764,279.4,51100
2018/11/1,NaN,NaN,NaN,NaN,NaN,NaN,NaN,NaN,NaN,NaN,275.3,135758,280.1,59112
2018/11/2,NaN,NaN,NaN,NaN,NaN,NaN,NaN,NaN,NaN,NaN,275.4,156600,280.25,83730
2018/11/5,NaN,NaN,NaN,NaN,NaN,NaN,NaN,NaN,NaN,NaN,275.6,96254,280.2,55580
2018/11/6,NaN,NaN,NaN,NaN,NaN,NaN,NaN,NaN,NaN,NaN,275.85,85740,280.15,50734
2018/11/7,NaN,NaN,NaN,NaN,NaN,NaN,NaN,NaN,NaN,NaN,275.9,104606,280.4,75428
2018/11/8,NaN,NaN,NaN,NaN,NaN,NaN,NaN,NaN,NaN,NaN,274.9,65262,279.4,58390
2018/11/9,NaN,NaN,NaN,NaN,NaN,NaN,NaN,NaN,NaN,NaN,274.35,72402,278.7,65422
2018/11/12,NaN,NaN,NaN,NaN,NaN,NaN,NaN,NaN,NaN,NaN,272.2,82062,276.55,119420
2018/11/13,NaN,NaN,NaN,NaN,NaN,NaN,NaN,NaN,NaN,NaN,271.25,39492,275.45,96610
2018/11/14,NaN,NaN,NaN,NaN,NaN,NaN,NaN,NaN,NaN,NaN,271.25,37360,275.5,115628
2018/11/15,NaN,NaN,NaN,NaN,NaN,NaN,NaN,NaN,NaN,NaN,272.8,31902,277.05,108868
2018/11/16,NaN,NaN,NaN,NaN,NaN,NaN,NaN,NaN,NaN,NaN,273.35,24572,277.5,124384
2018/11/19,NaN,NaN,NaN,NaN,NaN,NaN,NaN,NaN,NaN,NaN,274.2,32836,278.25,148594
2018/11/20,NaN,NaN,NaN,NaN,NaN,NaN,NaN,NaN,NaN,NaN,275.3,25106,279.3,102492
2018/11/21,NaN,NaN,NaN,NaN,NaN,NaN,NaN,NaN,NaN,NaN,275.05,18964,279,124620
2018/11/22,NaN,NaN,NaN,NaN,NaN,NaN,NaN,NaN,NaN,NaN,275.65,17004,279.65,103356
2018/11/23,NaN,NaN,NaN,NaN,NaN,NaN,NaN,NaN,NaN,NaN,275.55,11486,279.65,64856
2018/11/26,NaN,NaN,NaN,NaN,NaN,NaN,NaN,NaN,NaN,NaN,275.45,13540,279.5,103560
2018/11/27,NaN,NaN,NaN,NaN,NaN,NaN,NaN,NaN,NaN,NaN,274.9,10846,278.9,87732
2018/11/28,NaN,NaN,NaN,NaN,NaN,NaN,NaN,NaN,NaN,NaN,273.5,11082,277.55,146380
2018/11/29,NaN,NaN,NaN,NaN,NaN,NaN,NaN,NaN,NaN,NaN,275.15,6550,279.55,153582
2018/11/30,NaN,NaN,NaN,NaN,NaN,NaN,NaN,NaN,NaN,NaN,275.1,6294,279.45,107410
2018/12/3,NaN,NaN,NaN,NaN,NaN,NaN,NaN,NaN,NaN,NaN,274.25,1830,278.35,156940
2018/12/4,NaN,NaN,NaN,NaN,NaN,NaN,NaN,NaN,NaN,NaN,274.3,924,278.35,150018
2018/12/5,NaN,NaN,NaN,NaN,NaN,NaN,NaN,NaN,NaN,NaN,274.7,1560,278.9,107694
2018/12/6,NaN,NaN,NaN,NaN,NaN,NaN,NaN,NaN,NaN,NaN,275.65,1020,279.9,147522
2018/12/7,NaN,NaN,NaN,NaN,NaN,NaN,NaN,NaN,NaN,NaN,276.1,1194,280.25,173004
2018/12/10,NaN,NaN,NaN,NaN,NaN,NaN,NaN,NaN,NaN,NaN,279.2,1374,283.1,235966
2018/12/11,NaN,NaN,NaN,NaN,NaN,NaN,NaN,NaN,NaN,NaN,279.3,540,282.65,124962
2018/12/12,NaN,NaN,NaN,NaN,NaN,NaN,NaN,NaN,NaN,NaN,277.85,1422,281.2,122580
2018/12/13,NaN,NaN,NaN,NaN,NaN,NaN,NaN,NaN,NaN,NaN,277.5,294,280.8,94850
2018/12/14,NaN,NaN,NaN,NaN,NaN,NaN,NaN,NaN,NaN,NaN,277.6,0,280.35,96230
2018/12/17,NaN,NaN,NaN,NaN,NaN,NaN,NaN,NaN,NaN,NaN,277.6,0,280.2,99312
2018/12/18,NaN,NaN,NaN,NaN,NaN,NaN,NaN,NaN,NaN,NaN,NaN,NaN,281.9,100036
2018/12/19,NaN,NaN,NaN,NaN,NaN,NaN,NaN,NaN,NaN,NaN,NaN,NaN,282.55,98696
2018/12/20,NaN,NaN,NaN,NaN,NaN,NaN,NaN,NaN,NaN,NaN,NaN,NaN,282.15,216128
2018/12/21,NaN,NaN,NaN,NaN,NaN,NaN,NaN,NaN,NaN,NaN,NaN,NaN,284.8,204216
2018/12/24,NaN,NaN,NaN,NaN,NaN,NaN,NaN,NaN,NaN,NaN,NaN,NaN,285.45,148724
2018/12/25,NaN,NaN,NaN,NaN,NaN,NaN,NaN,NaN,NaN,NaN,NaN,NaN,287.1,136042
2018/12/26,NaN,NaN,NaN,NaN,NaN,NaN,NaN,NaN,NaN,NaN,NaN,NaN,287.5,90834
2018/12/27,NaN,NaN,NaN,NaN,NaN,NaN,NaN,NaN,NaN,NaN,NaN,NaN,286.3,192058
2018/12/28,NaN,NaN,NaN,NaN,NaN,NaN,NaN,NaN,NaN,NaN,NaN,NaN,287.85,171054
2019/01/2,NaN,NaN,NaN,NaN,NaN,NaN,NaN,NaN,NaN,NaN,NaN,NaN,288.3,91402
2019/01/3,NaN,NaN,NaN,NaN,NaN,NaN,NaN,NaN,NaN,NaN,NaN,NaN,290.7,198374
2019/01/4,NaN,NaN,NaN,NaN,NaN,NaN,NaN,NaN,NaN,NaN,NaN,NaN,290.55,217562
2019/01/7,NaN,NaN,NaN,NaN,NaN,NaN,NaN,NaN,NaN,NaN,NaN,NaN,288.65,280434
2019/01/8,NaN,NaN,NaN,NaN,NaN,NaN,NaN,NaN,NaN,NaN,NaN,NaN,287.25,193804
2019/01/9,NaN,NaN,NaN,NaN,NaN,NaN,NaN,NaN,NaN,NaN,NaN,NaN,286.2,184668
2019/01/10,NaN,NaN,NaN,NaN,NaN,NaN,NaN,NaN,NaN,NaN,NaN,NaN,286.9,223516
2019/01/11,NaN,NaN,NaN,NaN,NaN,NaN,NaN,NaN,NaN,NaN,NaN,NaN,284.95,204814
